Country,Year,Avg_Renewable_Electricity_Generating_Capacity,Avg_Renewable_Energy_Share,Avg_Electricity_From_Fossil_Fuels,Avg_Electricity_From_Nuclear,Avg_Electricity_From_Renewables,Avg_Low_Carbon_Electricity,Avg_GDP_Growth
Afghanistan,2000-2004,8.5,41.9,0.2,0.0,0.5,72.4,2
Afghanistan,2005-2009,7.4,26.4,0.2,0.0,0.7,75.1,11.1
Afghanistan,2010-2014,8.7,15.8,0.2,0.0,0.8,81.4,7.2
Afghanistan,2015-2020,9.5,15.5,0.2,0.0,1,85.3,1.5
Albania,2000-2004,0,0,0.1,0.0,4.4,97,6.2
Albania,2005-2009,0,0,0.1,0.0,4.4,98.5,5.7
Albania,2010-2014,0,0,0,0.0,5.6,99.7,2.1
Albania,2015-2020,0,0,0,0.0,6.2,100,1.9
Algeria,2000-2004,8.7,0.5,26.3,0.0,0.1,0.5,4.8
Algeria,2005-2009,7.2,0.4,34.5,0.0,0.3,0.9,3
Algeria,2010-2014,6.8,0.2,52,0.0,0.4,0.7,3.3
Algeria,2015-2020,13.9,0.1,70.2,0.0,0.6,0.8,0.9
Angola,2000-2004,16.2,68.7,0.6,0.0,1.2,67.3,7
Angola,2005-2009,31.6,59.3,0.9,0.0,2.7,76.7,10.5
Angola,2010-2014,35.5,49.8,2.5,0.0,4.3,63.9,5.2
Angola,2015-2020,84.4,44.2,3.8,0.0,8.7,68.2,-1.6
"Antigua and Barbuda",2000-2004,0,0,0.2,0.0,0,0,2.9
"Antigua and Barbuda",2005-2009,0.2,0,0.3,0.0,0,0,3.3
"Antigua and Barbuda",2010-2014,3.3,0.1,0.3,0.0,0,0,-0.6
"Antigua and Barbuda",2015-2020,75.6,0.6,0.3,0.0,0,3,0.7
Argentina,2000-2004,235.5,10.6,47.4,6.4,33.5,45.9,0.4
Argentina,2005-2009,236.1,8.6,69.8,7.0,34.1,37.1,4.8
Argentina,2010-2014,248.6,9,87.7,6.0,33.4,31,3
Argentina,2015-2020,265.3,8.4,96.3,7.7,34.2,30.2,-1.8
Armenia,2000-2004,355.7,8,2,2.0,1.6,64.6,10.6
Armenia,2005-2009,364.1,7.1,1.4,2.2,1.8,75.1,6.7
Armenia,2010-2014,423.8,7.6,2.6,2.0,2.3,64.3,4.2
Armenia,2015-2020,459.1,9.7,2.8,2.3,2.2,61.8,2.7
Aruba,2000-2004,0,0.2,0.8,0.0,0,0,2.3
Aruba,2005-2009,59.1,0.2,0.9,0.0,0,0.7,-1.3
Aruba,2010-2014,311.4,6.4,0.8,0.0,0.1,15.2,0.6
Aruba,2015-2020,360.9,6,0.8,0.0,0.2,16.6,1.6
Australia,2000-2004,0,7.9,194.3,0.0,18,8.5,3.5
Australia,2005-2009,0,6.9,206.1,0.0,19.7,8.8,3
Australia,2010-2014,0,8.7,206.8,0.0,29.1,12.3,2.7
Australia,2015-2020,0,8,200.9,0.0,45.4,18.4,2
Austria,2000-2004,0,24.5,19.8,0.0,40.5,67.1,2
Austria,2005-2009,0,28.2,20.8,0.0,43.3,67.5,1.4
Austria,2010-2014,0,33.5,17.4,0.0,47.6,73.3,1.2
Austria,2015-2020,0,28.6,15,0.0,51.6,77.5,0.4
Azerbaijan,2000-2004,114.2,2.4,16.9,0.0,2,10.4,10
Azerbaijan,2005-2009,115.4,3.3,17.8,0.0,2.5,12.2,21.5
Azerbaijan,2010-2014,113.6,3.1,18.7,0.0,2.1,10.7,3.2
Azerbaijan,2015-2020,124.5,1.6,22.1,0.0,1.7,7.2,-0.4
Bahamas,2000-2004,0,0.8,1.7,0.0,0,0,0
Bahamas,2005-2009,0.2,2.2,2,0.0,0,0,0
Bahamas,2010-2014,1.8,1.3,1.8,0.0,0,0,0
Bahamas,2015-2020,4.3,1.1,2,0.0,0,0,0
Bahrain,2000-2004,0,0,14.2,0.0,0,0,4.9
Bahrain,2005-2009,0.2,0,20.2,0.0,0,0,6.1
Bahrain,2010-2014,1.4,0,23.7,0.0,0,0,4
Bahrain,2015-2020,5,0,28.3,0.0,0,0,1.6
Bangladesh,2000-2004,1.7,54.8,17.1,0.0,1.1,5.9,4.8
Bangladesh,2005-2009,1.7,47,29.3,0.0,1,3.3,6.3
Bangladesh,2010-2014,2,37.7,44.8,0.0,0.9,2.1,6.1
Bangladesh,2015-2020,2.7,23.7,68.5,0.0,1.2,1.7,6.7
Barbados,2000-2004,0.3,11.6,0.8,0.0,0,0,1.3
Barbados,2005-2009,1.7,9.5,1,0.0,0,0,1.5
Barbados,2010-2014,8.4,5,1,0.0,0,0.2,-1
Barbados,2015-2020,91.3,3.6,1,0.0,0,3.3,-2.4
Belarus,2000-2004,0,6.2,25.4,0.0,0,0.1,6.8
Belarus,2005-2009,0,7.2,30,0.0,0.1,0.3,7.7
Belarus,2010-2014,0,7.1,30.6,0.0,0.2,0.6,3.5
Belarus,2015-2020,0,6,33.6,0.0,0.7,2.3,-0
Belgium,2000-2004,0,1.7,33.3,47.0,1.2,59.3,2.2
Belgium,2005-2009,0,3.5,34.5,47.2,3.7,59.5,1.4
Belgium,2010-2014,0,7.6,30.8,42.6,9.9,63.2,1.5
Belgium,2015-2020,0,8.2,28,36.5,17.4,65.5,0.5
Belize,2000-2004,118.9,31.5,0.1,0.0,0.1,48.6,7.3
Belize,2005-2009,151,32.7,0.1,0.0,0.2,72.3,2.2
Belize,2010-2014,236.8,41.2,0.2,0.0,0.3,63.5,2.5
Belize,2015-2020,270.3,27.3,0.3,0.0,0.4,52.4,-0.8
Benin,2000-2004,0.1,64.7,0.1,0.0,0,0,4.7
Benin,2005-2009,0.1,55.7,0.2,0.0,0,0,3.8
Benin,2010-2014,0.1,49.8,0.1,0.0,0,0,4.7
Benin,2015-2020,0.3,38.5,0.2,0.0,0,1.6,4.7
Bermuda,2000-2004,0,0.5,0,0.0,0,0,4.2
Bermuda,2005-2009,0,0.5,0,0.0,0,0,0.6
Bermuda,2010-2014,0,0.6,0,0.0,0,0,-3.1
Bermuda,2015-2020,0,0.6,0,0.0,0,0,-0.4
Bhutan,2000-2004,640.7,91.9,0,0.0,2.1,100,7.3
Bhutan,2005-2009,1616.8,92,0,0.0,5.5,100,8.8
Bhutan,2010-2014,2121,88.1,0,0.0,7.1,100,6.6
Bhutan,2015-2020,2467.4,70,0,0.0,8,100,3
"Bosnia and Herzegovina",2000-2004,0,20.2,5.6,0.0,5.2,48,6.1
"Bosnia and Herzegovina",2005-2009,0,16.9,7.8,0.0,5.3,40.9,3.5
"Bosnia and Herzegovina",2010-2014,0,18.4,9.5,0.0,5.9,37.9,0.9
"Bosnia and Herzegovina",2015-2020,0,23.2,10.9,0.0,5.4,33.1,2.1
Botswana,2000-2004,0,36.5,0.8,0.0,0,0,3.1
Botswana,2005-2009,0,29.9,0.6,0.0,0,0,4
Botswana,2010-2014,0.5,27.4,0.9,0.0,0,0,6.9
Botswana,2015-2020,1.8,21.5,2.7,0.0,0,0.2,0.6
Brazil,2000-2004,377.2,43.4,33.9,11.6,303.7,90.3,3.1
Brazil,2005-2009,422,47.2,41.8,11.8,378,90.3,3.6
Brazil,2010-2014,486.4,43.9,87.4,14.6,444.2,84.2,3.4
Brazil,2015-2020,633.4,38.2,97.1,14.5,480.3,83.5,-1.1
Bulgaria,2000-2004,0,8.5,21,18.4,2.5,49.9,5.2
Bulgaria,2005-2009,0,10,23.5,16.8,3.6,46.4,4.7
Bulgaria,2010-2014,0,15.7,25.2,15.4,5.8,46,1
Bulgaria,2015-2020,0,15.3,21.1,16.2,7.7,53.1,1.9
"Burkina Faso",2000-2004,2.7,82.2,0.3,0.0,0.1,21.4,5
"Burkina Faso",2005-2009,2.4,84,0.5,0.0,0.1,19.4,5.6
"Burkina Faso",2010-2014,2.3,78,0.8,0.0,0.1,13.4,6.3
"Burkina Faso",2015-2020,3.8,57.6,1.4,0.0,0.2,11,5.1
Burundi,2000-2004,8.1,94.9,0,0.0,0.1,100,1.9
Burundi,2005-2009,6.9,95.4,0,0.0,0.1,100,3.7
Burundi,2010-2014,6.1,91.6,0,0.0,0.1,89.7,4.6
Burundi,2015-2020,5.3,73.2,0.1,0.0,0.2,73,-0
Cambodia,2000-2004,0.9,80.7,0.6,0.0,0,6.1,8.7
Cambodia,2005-2009,1.4,74.8,1.1,0.0,0.1,10.4,8.2
Cambodia,2010-2014,29.1,64.4,0.7,0.0,0.9,46.4,7
Cambodia,2015-2020,77.3,47.4,3.2,0.0,3.7,53.1,5.4
Cameroon,2000-2004,44,85.2,0.1,0.0,3.5,97,5
Cameroon,2005-2009,38.4,82.5,1,0.0,3.9,81.1,3.2
Cameroon,2010-2014,34.1,78.1,1.6,0.0,4.3,72.9,4.3
Cameroon,2015-2020,30.5,65.8,3,0.0,4.9,62.3,3.6
Canada,2000-2004,0,21.6,155.4,74.2,350.4,73.2,3.5
Canada,2005-2009,0,22,142.2,88.0,374,76.5,2.8
Canada,2010-2014,0,22.2,126.2,92.4,397.2,79.5,2.6
Canada,2015-2020,0,18.6,114.5,95.2,426.5,82,0.7
"Cayman Islands",2000-2004,0,0,0.4,0.0,0,0,0
"Cayman Islands",2005-2009,0,0,0.5,0.0,0,0,-0.9
"Cayman Islands",2010-2014,0,0,0.6,0.0,0,0,0.7
"Cayman Islands",2015-2020,116.9,0,0.7,0.0,0,1.5,1.8
"Central African Republic",2000-2004,5,89.6,0,0.0,0.1,80,1.2
"Central African Republic",2005-2009,4.5,92,0,0.0,0.1,85.2,4.2
"Central African Republic",2010-2014,4.3,94,0,0.0,0.1,89.6,-4.5
"Central African Republic",2015-2020,4.1,76.5,0,0.0,0.2,100,3.5
Chad,2000-2004,0.2,86.7,0.1,0.0,0,9.7,13.5
Chad,2005-2009,0.2,82.2,0.1,0.0,0,4.3,5.7
Chad,2010-2014,0.2,78.9,0.2,0.0,0,2.1,7
Chad,2015-2020,0.2,64.8,0.3,0.0,0,2.8,-0.3
Chile,2000-2004,294.7,31.9,22.2,0.0,20.9,48.7,4.6
Chile,2005-2009,333.6,31.6,29.8,0.0,24.8,45.6,3.8
Chile,2010-2014,412.2,28.7,43.1,0.0,21.8,33.6,4.6
Chile,2015-2020,566.5,20.7,45.2,0.0,30,39.8,0.7
China,2000-2004,66.3,25.8,1401.7,30.4,288.5,18.6,9.2
China,2005-2009,114.3,15.3,2573.6,61.6,536.3,18.7,11.5
China,2010-2014,227.6,11.7,3911.4,101.0,992.2,21.7,8.6
China,2015-2020,466.4,11,4748.9,273.7,1769.7,29.9,6
Colombia,2000-2004,216.4,28.8,9.9,0.0,34.7,77.6,3.3
Colombia,2005-2009,207.9,30,10.7,0.0,42.8,80.1,4.5
Colombia,2010-2014,219.4,30.4,16.3,0.0,47.1,74.6,5
Colombia,2015-2020,250,26.1,23.1,0.0,54,70,0.9
Comoros,2000-2004,0.9,67.5,0,0.0,0,0,3.9
Comoros,2005-2009,2.3,68.8,0,0.0,0,0,2.7
Comoros,2010-2014,2,66.4,0,0.0,0,0,3.5
Comoros,2015-2020,1.8,48.3,0.1,0.0,0,0,2.3
Congo,2000-2004,26,63.9,0,0.0,0.3,95.9,0
Congo,2005-2009,22.3,61.2,0.1,0.0,0.4,82.4,0
Congo,2010-2014,34.8,61.9,0.6,0.0,0.8,59.8,0
Congo,2015-2020,42.7,56.6,2,0.0,1.1,36.2,0
"Costa Rica",2000-2004,364.7,34,0.1,0.0,7.2,98.3,3.9
"Costa Rica",2005-2009,407.4,41.3,0.5,0.0,8.3,94,4.7
"Costa Rica",2010-2014,451.3,38.4,1,0.0,8.9,90.2,4.1
"Costa Rica",2015-2020,589.5,30.5,0.3,0.0,11,97.7,2.1
Croatia,2000-2004,0,25.9,6.2,0.0,6.5,51.2,4.3
Croatia,2005-2009,0,25.3,6.6,0.0,6.4,49,1.8
Croatia,2010-2014,0,30.5,5,0.0,7.8,60,-0.9
Croatia,2015-2020,0,26.5,4.2,0.0,8.3,66,1.3
Cuba,2000-2004,5.2,34.1,14.5,0.0,0.1,0.7,4
Cuba,2005-2009,54,20.9,14,0.0,2,12.5,7.2
Cuba,2010-2014,53,19.1,15.6,0.0,1.8,10.2,2.4
Cuba,2015-2020,72.9,18,17,0.0,2.3,11.7,-0.4
Cyprus,2000-2004,0,3.2,3.8,0.0,0,0,4.3
Cyprus,2005-2009,0,4.6,4.8,0.0,0,0.2,3.3
Cyprus,2010-2014,0,8.5,4.5,0.0,0.2,5.1,-1.9
Cyprus,2015-2020,0,9.3,4.4,0.0,0.5,9.7,3.6
Czechia,2000-2004,0,6.7,55.6,20.0,2.5,28.4,0
Czechia,2005-2009,0,8.6,53.8,26.2,3.7,35.7,0
Czechia,2010-2014,0,12.9,48.4,29.4,7.9,43.6,0
Czechia,2015-2020,0,12.4,45.9,28.2,9.7,45.3,0
Denmark,2000-2004,0,12.2,32.8,0.0,7.2,17.9,1.6
Denmark,2005-2009,0,17.4,28.9,0.0,9.9,25.7,0.3
Denmark,2010-2014,0,25.8,19.3,0.0,15.1,44.5,1.2
Denmark,2015-2020,0,28.7,8.8,0.0,21.1,70.7,1.7
Djibouti,2000-2004,0,32.4,0.2,0.0,0,0,0
Djibouti,2005-2009,0,33.2,0.3,0.0,0,0,0
Djibouti,2010-2014,0.2,32.8,0.3,0.0,0,0,1.4
Djibouti,2015-2020,0.4,22.2,0.1,0.0,0,0,6.1
Dominica,2000-2004,109.9,11.2,0,0.0,0,40.7,1.8
Dominica,2005-2009,93.7,9.4,0.1,0.0,0,30,3.5
Dominica,2010-2014,99,11.4,0.1,0.0,0,32.4,0.6
Dominica,2015-2020,100.7,7.6,0.1,0.0,0,29.1,-2.3
"Dominican Republic",2000-2004,53.1,19.1,9.7,0.0,1,9.5,2.6
"Dominican Republic",2005-2009,51.3,18.1,10.8,0.0,1.6,13.2,6
"Dominican Republic",2010-2014,66.1,16.8,13.8,0.0,1.8,11.3,5.2
"Dominican Republic",2015-2020,96.1,12.8,16,0.0,2.4,13.1,3.9
Ecuador,2000-2004,132.8,17.4,4.1,0.0,7.3,64.6,4
Ecuador,2005-2009,142.1,14.9,6.7,0.0,9,57,3.8
Ecuador,2010-2014,153.5,12.4,10,0.0,11.3,52.9,5.2
Ecuador,2015-2020,272.5,13.2,8.5,0.0,20.3,69.7,-0.9
Egypt,2000-2004,41.2,7.7,71.4,0.0,13.6,16.2,0
Egypt,2005-2009,40.4,6.2,103.1,0.0,14.4,12.3,0
Egypt,2010-2014,40,5.5,150.3,0.0,14.7,8.9,0
Egypt,2015-2020,47.4,4.4,175.1,0.0,17.6,9.1,0
"El Salvador",2000-2004,109.5,33.6,1.6,0.0,2.5,61,1.2
"El Salvador",2005-2009,126.8,32.2,2.1,0.0,3.5,62.7,1.8
"El Salvador",2010-2014,148.9,28.8,2.1,0.0,4.1,66.6,2.5
"El Salvador",2015-2020,190.9,18.2,1.8,0.0,4,69.2,0.6
"Equatorial Guinea",2000-2004,8.5,32,0.1,0.0,0,10.2,30.6
"Equatorial Guinea",2005-2009,6.8,7.8,0.3,0.0,0,6.5,11.8
"Equatorial Guinea",2010-2014,72.4,4.7,0.7,0.0,0.2,16.3,0.4
"Equatorial Guinea",2015-2020,98.7,3.9,0.9,0.0,0.5,33.7,-6.8
Eritrea,2000-2004,0,74.2,0.2,0.0,0,0,1.5
Eritrea,2005-2009,0.2,79.2,0.3,0.0,0,0,-0.6
Eritrea,2010-2014,0.7,79,0.3,0.0,0,0,2.2
Eritrea,2015-2020,4.4,63,0.4,0.0,0,1.6,0
Estonia,2000-2004,0,19.6,9.2,0.0,0,0.4,7.5
Estonia,2005-2009,0,19.8,10.1,0.0,0.2,2.3,1.4
Estonia,2010-2014,0,25,11.4,0.0,1.3,10,3.5
Estonia,2015-2020,0,23.8,8.2,0.0,2,22.6,2.7
Eswatini,2000-2004,102,63.1,0.1,0.0,0.5,89.9,2.9
Eswatini,2005-2009,107.2,70.6,0.1,0.0,0.6,90.2,3.8
Eswatini,2010-2014,157.5,71.5,0,0.0,0.7,94,3.2
Eswatini,2015-2020,149.4,56.5,0,0.0,0.6,93.9,1.4
Ethiopia,2000-2004,7.4,94.6,0.1,0.0,2.1,97.1,5.5
Ethiopia,2005-2009,10.6,94.3,0.2,0.0,3.3,93.8,10.7
Ethiopia,2010-2014,22.7,92.9,0,0.0,7.4,99.2,10.6
Ethiopia,2015-2020,35.7,75.1,0,0.0,13,99.9,8.4
Fiji,2000-2004,134.9,43.2,0.2,0.0,0.5,66.3,2
Fiji,2005-2009,160.7,39.2,0.3,0.0,0.5,62.7,0.3
Fiji,2010-2014,200.6,31.1,0.3,0.0,0.6,65.2,3.5
Fiji,2015-2020,233,23.5,0.4,0.0,0.6,61.7,-0
Finland,2000-2004,0,30,33.2,22.6,21.9,57.6,3.2
Finland,2005-2009,0,32.3,29.3,23.2,23.9,61.9,1
Finland,2010-2014,0,37.4,23.5,23.4,25.8,67.9,0.6
Finland,2015-2020,0,36.7,13.4,23.0,32.1,80.5,1
France,2000-2004,0,9.1,52.7,432.4,66.1,90.4,2.1
France,2005-2009,0,9.7,57.1,438.2,64.1,89.8,0.8
France,2010-2014,0,12.3,52.4,431.2,84.3,90.8,1.2
France,2015-2020,0,12.1,52.8,400.7,105.9,90.5,0.1
"French Guiana",2000-2004,702.3,23.8,0.4,0.0,0,0,0
Gabon,2000-2004,132.2,78.9,0.5,0.0,0.9,62.3,0.6
Gabon,2005-2009,115.8,86.8,0.8,0.0,0.9,52,0.5
Gabon,2010-2014,132.8,80.9,1.1,0.0,0.9,44.2,5.9
Gabon,2015-2020,159.6,72.1,1.2,0.0,1,43.9,1.6
Gambia,2000-2004,0.1,61.4,0.1,0.0,0,0,0
Gambia,2005-2009,0.7,57.9,0.2,0.0,0,0,0
Gambia,2010-2014,1.4,56.5,0.2,0.0,0,0,0
Gambia,2015-2020,1.5,40.6,0.3,0.0,0,0,0
Georgia,2000-2004,598.9,53.4,0.9,0.0,6.1,86.7,5.8
Georgia,2005-2009,637.8,37.6,1.3,0.0,6.5,83.1,6.1
Georgia,2010-2014,675.1,32.8,1.8,0.0,8.1,82.2,5.6
Georgia,2015-2020,823.3,22.8,2.3,0.0,9,79.5,2.3
Germany,2000-2004,0,4.8,377.7,167.6,44.5,36,1
Germany,2005-2009,0,9.5,385.6,150.8,83.1,37.8,0.6
Germany,2010-2014,0,13.1,374.3,108.4,137.4,39.6,2.2
Germany,2015-2020,0,12.9,325.4,78.0,218.1,47.9,0.7
Ghana,2000-2004,58.6,66.7,1.3,0.0,5.4,80.7,4.6
Ghana,2005-2009,51.7,56.8,2.2,0.0,5.6,71.9,6.1
Ghana,2010-2014,51.7,48.5,3.8,0.0,7.8,67.6,8.3
Ghana,2015-2020,56.3,36.2,8.1,0.0,6.3,44.6,4.5
Greece,2000-2004,0,7.5,50.9,0.0,4.5,8,4.6
Greece,2005-2009,0,8.4,54.7,0.0,6.5,10.7,1
Greece,2010-2014,0,14,45.9,0.0,11.1,19.6,-5
Greece,2015-2020,0,14.4,36.3,0.0,15.6,30.2,-0.9
Grenada,2000-2004,0,10.5,0.1,0.0,0,0,3
Grenada,2005-2009,0.6,10.4,0.2,0.0,0,0,1.9
Grenada,2010-2014,4.4,11.1,0.2,0.0,0,0,1.8
Grenada,2015-2020,22.7,9.2,0.2,0.0,0,0,1
Guatemala,2000-2004,63.9,63.7,3.3,0.0,3.2,49,3.1
Guatemala,2005-2009,81.6,65.1,4,0.0,4.5,53.4,3.7
Guatemala,2010-2014,99.1,67.1,3.4,0.0,5.9,63.7,3.6
Guatemala,2015-2020,157.8,53.1,4.8,0.0,8.2,63.1,2.6
Guinea,2000-2004,14.9,84.3,0.4,0.0,0.5,55.5,3
Guinea,2005-2009,13.5,80.5,0.4,0.0,0.5,54.9,2.8
Guinea,2010-2014,12.2,76.8,0.3,0.0,0.5,61.1,4.8
Guinea,2015-2020,31.2,59.8,0.6,0.0,1.3,68.2,7.3
Guinea-Bissau,2000-2004,0,90.2,0,0.0,0,0,2
Guinea-Bissau,2005-2009,0,88.2,0,0.0,0,0,3.3
Guinea-Bissau,2010-2014,0,87.7,0,0.0,0,0,3
Guinea-Bissau,2015-2020,0.4,72.3,0.1,0.0,0,0,3.6
Guyana,2000-2004,29.7,32.6,0.8,0.0,0.1,6.6,0.6
Guyana,2005-2009,38.3,33.2,0.6,0.0,0.1,8.9,3.2
Guyana,2010-2014,71.6,28.3,0.8,0.0,0.1,14.9,4
Guyana,2015-2020,65.7,16.1,1,0.0,0.2,13.7,10.3
Haiti,2000-2004,6.4,80.2,0.3,0.0,0.3,49.8,0.7
Haiti,2005-2009,5.9,80.3,0.3,0.0,0.2,39.8,3.6
Haiti,2010-2014,5.6,79.7,0.7,0.0,0.1,18.6,1.2
Haiti,2015-2020,6.3,63.5,0.9,0.0,0.1,12.8,0.6
Honduras,2000-2004,67.7,50,2.2,0.0,1.8,46,4.9
Honduras,2005-2009,75.7,51.3,3.5,0.0,2.5,40.9,4.1
Honduras,2010-2014,88.4,52.2,3.9,0.0,3.5,47.3,3.5
Honduras,2015-2020,170.3,41.2,4.8,0.0,5.4,52.8,1.7
Hungary,2000-2004,0,5,21.7,13.0,0.4,38.2,4.5
Hungary,2005-2009,0,9.1,21,14.4,2.1,44.2,0.6
Hungary,2010-2014,0,15.5,15,15.8,2.9,55.7,1.5
Hungary,2015-2020,0,12.1,12.6,16.0,4,61.3,2.6
Iceland,2000-2004,0,61.7,0,0.0,8.2,99.9,3.9
Iceland,2005-2009,0,68.5,0,0.0,12.7,100,3.1
Iceland,2010-2014,0,76.9,0,0.0,17.3,100,1.3
Iceland,2015-2020,0,66.6,0,0.0,18.8,100,2.6
India,2000-2004,25.9,46.1,519.4,18.6,82.6,16.3,5.7
India,2005-2009,36.4,41.1,643.6,17.2,130,18.6,6.9
India,2010-2014,48.3,34.9,888.7,31.2,174.3,18.8,6.6
India,2015-2020,80.9,27.4,1197.8,40.3,254.8,19.7,4.4
Indonesia,2000-2004,22.4,43.8,91.2,0.0,20.7,18.6,4.6
Indonesia,2005-2009,25.3,40.2,123.3,0.0,24.3,16.4,5.6
Indonesia,2010-2014,30.7,30.5,175,0.0,33.2,16.1,5.8
Indonesia,2015-2020,36.1,20.2,228.7,0.0,44.3,16.1,3.9
Iraq,2000-2004,29.6,0.3,29.3,0.0,0.5,1.8,5.4
Iraq,2005-2009,72.8,1.9,29.2,0.0,4.9,14.9,4.2
Iraq,2010-2014,64.3,1.3,47.9,0.0,4,8,7.1
Iraq,2015-2020,63.3,0.5,77.6,0.0,3.5,4.3,1.6
Ireland,2000-2004,0,2.1,23.4,0.0,1.2,5,6.1
Ireland,2005-2009,0,3.8,24.8,0.0,3,10.6,1.3
Ireland,2010-2014,0,6.9,21.5,0.0,5.3,19.9,2.6
Ireland,2015-2020,0,8.5,20.5,0.0,10,32.6,9.3
Israel,2000-2004,0,6.4,42.5,0.0,0,0.1,3
Israel,2005-2009,0,7.6,50.3,0.0,0,0.1,4.1
Israel,2010-2014,0,5.5,60.2,0.0,0.5,0.8,4.6
Israel,2015-2020,0,3.3,66.3,0.0,2.2,3.2,2.8
Italy,2000-2004,0,5.7,228.6,0.0,50.9,18.2,1.5
Italy,2005-2009,0,9.3,247.1,0.0,54.8,18.2,-0.4
Italy,2010-2014,0,14.5,194.8,0.0,97,33.4,-0.5
Italy,2015-2020,0,13.9,175.1,0.0,111.3,38.9,-0.6
Jamaica,2000-2004,21.7,8,6,0.0,0.5,7.3,1.8
Jamaica,2005-2009,27.2,5.8,5,0.0,0.5,9.5,0
Jamaica,2010-2014,34.8,10.9,3.5,0.0,0.4,11.2,0.2
Jamaica,2015-2020,70.3,8.7,3.5,0.0,0.6,14.3,-0.7
Japan,2000-2004,0,3.9,600.7,277.2,107.1,39,1.4
Japan,2005-2009,0,4.3,648.8,268.8,103.3,36.5,-0.5
Japan,2010-2014,0,5,835.5,91.2,119.9,20,1.6
Japan,2015-2020,0,5.7,785.9,33.3,178.7,21.3,0
Jordan,2000-2004,2.7,2,7.5,0.0,0.1,0.7,5.6
Jordan,2005-2009,2.6,2.4,11.6,0.0,0.1,0.7,7.3
Jordan,2010-2014,2.1,3,15.3,0.0,0.1,0.5,2.7
Jordan,2015-2020,97.2,4.7,17.1,0.0,2,10.5,1.5
Kazakhstan,2000-2004,150.4,2.4,51,0.0,8.2,14,10.4
Kazakhstan,2005-2009,143.6,1.7,67.4,0.0,7.6,10.2,6.8
Kazakhstan,2010-2014,149.5,1.3,81.5,0.0,7.9,8.9,5.9
Kazakhstan,2015-2020,195.7,1.6,90.8,0.0,11.2,11,2.1
Kenya,2000-2004,23.2,81,1.4,0.0,3.4,69.6,2.6
Kenya,2005-2009,22.6,80.1,2.1,0.0,4.3,67.4,4.6
Kenya,2010-2014,25,76.8,2.2,0.0,5.8,72.8,5.3
Kenya,2015-2020,36.7,59.1,1.5,0.0,9.3,86.3,3.9
Kiribati,2000-2004,1,51.3,0,0.0,0,0,1.8
Kiribati,2005-2009,2.7,42.3,0,0.0,0,0,1.1
Kiribati,2010-2014,4.8,47,0,0.0,0,0,1.8
Kiribati,2015-2020,24.1,35.9,0,0.0,0,0,3.7
Kuwait,2000-2004,0,0,34.6,0.0,0,0,7.1
Kuwait,2005-2009,0,0,46.1,0.0,0,0,3.9
Kuwait,2010-2014,0.4,0,56.7,0.0,0,0,3.1
Kuwait,2015-2020,14,0,67.5,0.0,0,0.1,-1.4
Kyrgyzstan,2000-2004,590.4,31.5,2.1,0.0,12.8,85.5,0
Kyrgyzstan,2005-2009,566.9,25.4,1.7,0.0,11.6,87.7,0
Kyrgyzstan,2010-2014,583.9,25.1,1,0.0,13,93,0
Kyrgyzstan,2015-2020,589.5,20.1,1.4,0.0,13.2,90.3,0
Latvia,2000-2004,0,35.2,1.5,0.0,2.7,64.8,7.2
Latvia,2005-2009,0,35.1,1.9,0.0,3.2,62.1,3
Latvia,2010-2014,0,37.8,2.6,0.0,3.4,56.7,1.8
Latvia,2015-2020,0,33.6,2.7,0.0,3.7,57,2.1
Lebanon,2000-2004,67.5,5.9,9.9,0.0,0.8,7,3.7
Lebanon,2005-2009,59.2,6.3,11.3,0.0,0.7,5.6,6.6
Lebanon,2010-2014,51.6,5.5,15.3,0.0,0.8,5.2,3.5
Lebanon,2015-2020,47.5,3.7,18.6,0.0,0.7,3.7,-4.6
Lesotho,2000-2004,37.1,56.1,0,0.0,0.3,100,2.9
Lesotho,2005-2009,36.8,55,0,0.0,0.6,100,3.2
Lesotho,2010-2014,36.7,44.7,0,0.0,0.5,100,3.9
Lesotho,2015-2020,35.8,34.6,0,0.0,0.5,100,-1.3
Liberia,2000-2004,1.3,90.6,0.2,0.0,0,0,-4.2
Liberia,2005-2009,1.2,89.8,0.2,0.0,0,0,7.1
Liberia,2010-2014,1,86.7,0.3,0.0,0,0,6.3
Liberia,2015-2020,14,70.9,0.3,0.0,0.1,9.9,-0.6
Libya,2000-2004,0,2.7,16.6,0.0,0,0,3.7
Libya,2005-2009,0.4,2.7,25.5,0.0,0,0,5.3
Libya,2010-2014,0.7,2.6,31.7,0.0,0,0,5.7
Libya,2015-2020,0.8,2.3,31.7,0.0,0,0,0.2
Lithuania,2000-2004,0,17.8,2.7,12.6,0.4,82.8,6.8
Lithuania,2005-2009,0,18.1,2.9,10.0,0.6,78.3,2.8
Lithuania,2010-2014,0,24.4,2.8,0.0,1.2,31.3,3.7
Lithuania,2015-2020,0,26.9,1.3,0.0,2.3,65.8,2.9
Luxembourg,2000-2004,0,2.8,1.9,0.0,0.2,15.1,4
Luxembourg,2005-2009,0,3.1,2.9,0.0,0.3,8.1,2.6
Luxembourg,2010-2014,0,4.8,2.2,0.0,0.3,13.8,2.4
Luxembourg,2015-2020,0,11.7,0.4,0.0,0.7,63.7,2
Madagascar,2000-2004,6.3,84.7,0.4,0.0,0.6,61.7,2.6
Madagascar,2005-2009,5.8,86.1,0.5,0.0,0.7,57.8,3.7
Madagascar,2010-2014,6.8,83.2,0.9,0.0,0.8,47.4,2.2
Madagascar,2015-2020,7.2,68.7,1.2,0.0,0.9,41.7,1.9
Malawi,2000-2004,25.6,82.9,0.1,0.0,1.2,89,1.9
Malawi,2005-2009,22.5,81.7,0.1,0.0,1.5,91.8,6.7
Malawi,2010-2014,20.5,80.8,0.1,0.0,1.9,93.7,4.9
Malawi,2015-2020,21.9,63.6,0.2,0.0,1.7,90.3,3.3
Malaysia,2000-2004,115,3.8,74.8,0.0,6.3,7.9,5.5
Malaysia,2005-2009,105.3,2.9,100.5,0.0,7.4,6.9,4.1
Malaysia,2010-2014,157.3,2.5,123.8,0.0,11.1,8.1,5.8
Malaysia,2015-2020,250.7,3.9,139,0.0,25.3,15.3,3.2
Maldives,2000-2004,0,2.1,0.1,0.0,0,0,5.4
Maldives,2005-2009,1.9,1.6,0.2,0.0,0,0,4.6
Maldives,2010-2014,7.3,1.3,0.4,0.0,0,0.4,6.6
Maldives,2015-2020,22,1,0.6,0.0,0,3.8,-0.3
Mali,2000-2004,17.4,83.3,0.2,0.0,0.3,62.3,5.8
Mali,2005-2009,21.1,79.3,0.3,0.0,0.6,63.3,4.9
Mali,2010-2014,20.2,79.7,0.8,0.0,1.3,62.7,3.4
Mali,2015-2020,20.3,64.3,1.7,0.0,1.4,46.5,4.3
Malta,2000-2004,0,0.1,2.1,0.0,0,0,5.1
Malta,2005-2009,0,0.2,2.3,0.0,0,0,2.7
Malta,2010-2014,0,2.7,2.2,0.0,0,1.3,4.6
Malta,2015-2020,0,6.3,1.5,0.0,0.2,11,4.3
Mauritania,2000-2004,0,41.9,0.4,0.0,0,9.3,1.7
Mauritania,2005-2009,0,36.6,0.4,0.0,0.1,12.3,4.9
Mauritania,2010-2014,2.3,33,0.7,0.0,0.2,18.9,3.9
Mauritania,2015-2020,21.1,22.7,1.1,0.0,0.4,25.3,3.6
Mauritius,2000-2004,117.7,19.3,1.5,0.0,0.3,17.7,4.7
Mauritius,2005-2009,116.5,15.1,1.9,0.0,0.4,19,4.2
Mauritius,2010-2014,121.3,11.6,2.3,0.0,0.4,15.2,3.8
Mauritius,2015-2020,172.6,8.2,2.4,0.0,0.5,17.7,0.5
Mexico,2000-2004,110.2,10.9,157.8,8.8,38,22.9,2
Mexico,2005-2009,116.6,9.7,186.5,9.8,44.4,22.6,1
Mexico,2010-2014,125.3,9.3,222.2,8.8,50.3,21,3.3
Mexico,2015-2020,174.5,8.1,245.1,11.2,58,22,0.3
Mongolia,2000-2004,6.6,6,3,0.0,0,0,5.3
Mongolia,2005-2009,7.5,4.7,3.6,0.0,0,0.1,6.7
Mongolia,2010-2014,19.1,3.6,4.4,0.0,0.1,2.1,11.1
Mongolia,2015-2020,61.2,2.8,5.5,0.0,0.4,6.8,3
Montenegro,2005-2009,0,43.4,0.9,0.0,1.6,63.1,2.7
Montenegro,2010-2014,0,46.6,1.4,0.0,1.9,56.9,1.7
Montenegro,2015-2020,0,34,1.5,0.0,1.7,53.5,0.8
Morocco,2000-2004,43,16.8,13.8,0.0,1.3,8.2,4.6
Morocco,2005-2009,44.6,16.7,17.9,0.0,1.5,7.9,4.9
Morocco,2010-2014,52.4,11.9,22.7,0.0,3.4,13.1,3.9
Morocco,2015-2020,80.1,9.1,28.2,0.0,5.8,17,1.6
Mozambique,2000-2004,115.7,93.1,0,0.0,11.2,99.6,7.5
Mozambique,2005-2009,101,89.7,0,0.0,15.1,99.7,7.5
Mozambique,2010-2014,88.6,84.3,0.3,0.0,15.8,98.1,7.1
Mozambique,2015-2020,77.7,65.9,2.9,0.0,15.4,83.9,3.1
Myanmar,2000-2004,8,81.2,2.7,0.0,2.3,46.5,12.7
Myanmar,2005-2009,18.3,82.6,2.2,0.0,4,63.7,12.2
Myanmar,2010-2014,52.3,79.2,3,0.0,7.8,72.6,8
Myanmar,2015-2020,63.2,52.8,9.6,0.0,11,54,6
Namibia,2000-2004,130.4,33.4,0,0.0,1.5,99.3,5.2
Namibia,2005-2009,120.9,34.2,0.1,0.0,1.5,94.8,3.6
Namibia,2010-2014,138.6,31,0,0.0,1.4,97.3,5.6
Namibia,2015-2020,178.5,24.9,0,0.0,1.5,97.2,-0.8
Nauru,2000-2004,0,0,0,0.0,0,0,0
Nauru,2005-2009,3.2,0.1,0,0.0,0,0,3
Nauru,2010-2014,11.2,0.1,0,0.0,0,0,17.9
Nauru,2015-2020,98.8,0.4,0,0.0,0,0,1.5
Nepal,2000-2004,17.9,89.1,0,0.0,2,98.8,3.9
Nepal,2005-2009,23,90.3,0,0.0,2.8,99.6,4.2
Nepal,2010-2014,27.1,85.8,0,0.0,3.5,99.8,4.4
Nepal,2015-2020,37.9,65.4,0,0.0,5,100,4.3
Netherlands,2000-2004,0,1.9,87.4,4.0,3.9,8.2,1.8
Netherlands,2005-2009,0,3.6,92.2,3.8,8.7,12.1,1.6
Netherlands,2010-2014,0,4.8,92.4,3.8,11.9,14.6,0.6
Netherlands,2015-2020,0,5.6,92,3.8,20.1,20.4,1.3
"New Caledonia",2000-2004,388.9,5.9,1.3,0.0,0.4,22.2,0.4
"New Caledonia",2005-2009,449.8,6,1.4,0.0,0.4,22.3,0
"New Caledonia",2010-2014,457.4,5.6,1.9,0.0,0.4,18,0
"New Caledonia",2015-2020,544.3,4,2.6,0.0,0.4,13.9,0
"New Zealand",2000-2004,0,28.9,11.8,0.0,27.6,69.9,3.9
"New Zealand",2005-2009,0,29.5,13.6,0.0,28.6,67.8,1.6
"New Zealand",2010-2014,0,31.4,10.5,0.0,32.5,75.7,2.5
"New Zealand",2015-2020,0,25.6,7.8,0.0,35.6,82.1,3
Nicaragua,2000-2004,41,54.5,1.8,0.0,0.7,27.1,3.1
Nicaragua,2005-2009,57.6,53.4,2,0.0,1.2,36.5,2.7
Nicaragua,2010-2014,81.9,53.7,2.2,0.0,1.7,44,5.4
Nicaragua,2015-2020,105.9,41.8,2.1,0.0,2.4,52.9,0.8
Niger,2000-2004,0,87.4,0.2,0.0,0,0,2.7
Niger,2005-2009,0.1,86.1,0.2,0.0,0,0,5.2
Niger,2010-2014,0.2,77.5,0.4,0.0,0,1.5,6.7
Niger,2015-2020,0.8,67.3,0.5,0.0,0,5.8,5.3
Nigeria,2000-2004,16.2,84.5,11.4,0.0,7,38.4,8.6
Nigeria,2005-2009,14.3,86.4,15,0.0,6,28.5,6.8
Nigeria,2010-2014,12.7,83.7,21.5,0.0,5.7,21.1,6.1
Nigeria,2015-2020,11.1,68.4,23.9,0.0,7.6,24.1,0.7
"North Macedonia",2000-2004,0,16.9,5.4,0.0,1.1,16.4,2
"North Macedonia",2005-2009,0,17.7,5.5,0.0,1.3,18.5,4.3
"North Macedonia",2010-2014,0,20.3,4.8,0.0,1.6,24.3,2.4
"North Macedonia",2015-2020,0,16.9,3.9,0.0,1.7,30.2,1.6
Norway,2000-2004,0,58.5,0.5,0.0,121.6,99.6,2.3
Norway,2005-2009,0,57.6,1.5,0.0,131.7,98.9,1.4
Norway,2010-2014,0,57.1,3.6,0.0,130.4,97.2,1.5
Norway,2015-2020,0,50.3,2.8,0.0,142.8,98.1,1.1
Oman,2000-2004,0,0,9.7,0.0,0,0,1.7
Oman,2005-2009,0,0,14,0.0,0,0,5.3
Oman,2010-2014,0.1,0,23,0.0,0,0,4
Oman,2015-2020,7.9,0,33.8,0.0,0,0.1,1.2
Pakistan,2000-2004,38,50.4,48.3,1.6,22.8,33.3,4.7
Pakistan,2005-2009,40.8,46.6,58.3,2.4,30.3,35.9,4.4
Pakistan,2010-2014,39.1,47.3,63.7,4.2,32.1,36.2,3.4
Pakistan,2015-2020,49.8,36.4,84,7.5,38.5,35.4,3.6
Panama,2000-2004,232,27.2,2,0.0,3.2,61.7,3.4
Panama,2005-2009,252.8,22.3,2.4,0.0,3.8,61.4,7.8
Panama,2010-2014,375.3,20.4,3.2,0.0,4.8,60.1,7.8
Panama,2015-2020,535.4,18.5,2.8,0.0,7.5,72.7,0.8
"Papua New Guinea",2000-2004,35.3,62,1.7,0.0,1,37.6,0.4
"Papua New Guinea",2005-2009,39.7,57.5,2,0.0,1.3,39.5,5.2
"Papua New Guinea",2010-2014,40.5,56.1,2.2,0.0,1.4,38.9,6.7
"Papua New Guinea",2015-2020,39.1,45,3,0.0,1.3,30.9,2.7
Paraguay,2000-2004,1339.6,68.3,0,0.0,49.6,100,1
Paraguay,2005-2009,1282.7,67,0,0.0,53.3,100,3.7
Paraguay,2010-2014,1374.7,62.9,0,0.0,57,100,5.7
Paraguay,2015-2020,1280.3,50.4,0,0.0,55.3,99.9,2.4
Peru,2000-2004,111.7,39.8,4.1,0.0,17.5,81.2,3.6
Peru,2005-2009,116.1,35.9,9.8,0.0,19.2,66.7,6.5
Peru,2010-2014,126.5,30.1,17.1,0.0,21.9,56.3,5.8
Peru,2015-2020,188,22.9,21.6,0.0,30.5,58.4,0.8
Philippines,2000-2004,50.9,31.5,29.8,0.0,18.1,38,4.6
Philippines,2005-2009,51,33,37,0.0,19.7,34.7,4.5
Philippines,2010-2014,50.6,33.1,51.9,0.0,19.9,27.8,6.2
Philippines,2015-2020,60.6,23.5,73.2,0.0,22.8,23.9,3.9
Poland,2000-2004,0,7.3,143.7,0.0,2.7,1.8,3.3
Poland,2005-2009,0,7.7,150.2,0.0,5.8,3.7,4.7
Poland,2010-2014,0,10.8,145.2,0.0,15.6,9.7,2.9
Poland,2015-2020,0,9.6,140.8,0.0,24.2,14.7,3.3
Portugal,2000-2004,0,20.2,31.6,0.0,13.7,30.1,1.5
Portugal,2005-2009,0,22.3,32.7,0.0,14.6,30.8,0.4
Portugal,2010-2014,0,28.2,24.2,0.0,26.6,52.2,-0.8
Portugal,2015-2020,0,22.7,27.3,0.0,27.7,50.5,0.7
"Puerto Rico",2000-2004,27.3,0.5,22.9,0.0,0.1,0.5,3.9
"Puerto Rico",2005-2009,42,0.5,22.4,0.0,0.2,0.7,-1.7
"Puerto Rico",2010-2014,62.2,1,20.4,0.0,0.2,1,-0.4
"Puerto Rico",2015-2020,115.8,1.6,17.9,0.0,0.4,2.1,-2
Qatar,2000-2004,0,0.1,10.4,0.0,0,0,6.8
Qatar,2005-2009,0,0.1,18.2,0.0,0,0,16.3
Qatar,2010-2014,14.2,0.1,31.4,0.0,0,0,9.7
Qatar,2015-2020,15.7,0,43.1,0.0,0,0.1,0.8
Romania,2000-2004,0,15.4,33.7,5.4,15.1,37.8,5.2
Romania,2005-2009,0,19.3,35.4,8.6,17.5,42.2,4.7
Romania,2010-2014,0,22.8,29.6,11.8,19.8,51.3,1.5
Romania,2015-2020,0,19.7,25.4,11.3,25.5,59.4,3.3
Rwanda,2000-2004,4.9,87.1,0,0.0,0.1,97.8,7.9
Rwanda,2005-2009,4.4,90.3,0.1,0.0,0.1,38.4,8.7
Rwanda,2010-2014,5.7,89.1,0.2,0.0,0.1,41.6,7
Rwanda,2015-2020,10.5,70.1,0.4,0.0,0.4,49.9,5.6
"Saint Kitts and Nevis",2000-2004,0,25.3,0.1,0.0,0,0,0
"Saint Kitts and Nevis",2005-2009,0,5.1,0.2,0.0,0,0,0
"Saint Kitts and Nevis",2010-2014,51.4,1.2,0.2,0.0,0,2.9,0
"Saint Kitts and Nevis",2015-2020,77.7,1.3,0.2,0.0,0,3.9,0
"Saint Lucia",2000-2004,0,21.3,0.3,0.0,0,0,0
"Saint Lucia",2005-2009,0,16.4,0.3,0.0,0,0,0
"Saint Lucia",2010-2014,0.3,12.5,0.4,0.0,0,0,0
"Saint Lucia",2015-2020,12.7,8.8,0.4,0.0,0,0,0
"Saint Vincent and the Grenadines",2000-2004,52.2,6.4,0.1,0.0,0,23.7,0
"Saint Vincent and the Grenadines",2005-2009,52,5,0.1,0.0,0,17.2,0
"Saint Vincent and the Grenadines",2010-2014,53.7,5,0.1,0.0,0,17.5,0
"Saint Vincent and the Grenadines",2015-2020,63.7,4,0.1,0.0,0,16.2,0
Samoa,2000-2004,85.1,52.6,0,0.0,0.1,54.4,5.5
Samoa,2005-2009,71.6,45.2,0.1,0.0,0.1,47.3,1.7
Samoa,2010-2014,58.7,41.1,0.1,0.0,0,35.2,0
Samoa,2015-2020,119.2,30.2,0.1,0.0,0.1,36.6,2.3
"Sao Tome and Principe",2000-2004,15.7,53.3,0,0.0,0,25,2.6
"Sao Tome and Principe",2005-2009,14,46.9,0,0.0,0,18,6
"Sao Tome and Principe",2010-2014,12.5,41,0.1,0.0,0,12,5.1
"Sao Tome and Principe",2015-2020,12.4,32.1,0.1,0.0,0,11.2,3.4
"Saudi Arabia",2000-2004,0,0,155.9,0.0,0,0,4.2
"Saudi Arabia",2005-2009,0,0,202.7,0.0,0,0,2.9
"Saudi Arabia",2010-2014,0.4,0,271.5,0.0,0,0,5.4
"Saudi Arabia",2015-2020,4.9,0,339.6,0.0,0.1,0,0.6
Senegal,2000-2004,1,44.1,1.5,0.0,0.2,11.4,3.7
Senegal,2005-2009,1,43,2.2,0.0,0.3,11.7,3.2
Senegal,2010-2014,2.3,46.5,2.7,0.0,0.4,14,3.5
Senegal,2015-2020,9.3,31.2,3.9,0.0,0.7,14.4,5.4
Serbia,2005-2009,0,16.7,27,0.0,9.9,26.7,3.1
Serbia,2010-2014,0,20.1,26.6,0.0,10.2,27.9,0.7
Serbia,2015-2020,0,17.5,26.9,0.0,10.3,27.7,2.5
Seychelles,2000-2004,0,1.2,0.2,0.0,0,0,-1.7
Seychelles,2005-2009,0,0.9,0.2,0.0,0,0,5.1
Seychelles,2010-2014,28.2,1,0.4,0.0,0,1,5.1
Seychelles,2015-2020,91.6,1.1,0.5,0.0,0,4.6,1.1
"Sierra Leone",2000-2004,0.8,88.4,0.1,0.0,0,12.9,8.5
"Sierra Leone",2005-2009,2.3,86.2,0,0.0,0,25,5.1
"Sierra Leone",2010-2014,9.1,78.9,0,0.0,0.1,75.1,10.4
"Sierra Leone",2015-2020,12.7,62.4,0,0.0,0.2,79.7,-0.6
Singapore,2000-2004,37.3,0.5,32.9,0.0,0,0,5.2
Singapore,2005-2009,32.4,0.5,39,0.0,0,0,5.5
Singapore,2010-2014,29.1,0.5,44.7,0.0,0.1,0.2,6.8
Singapore,2015-2020,66.7,0.6,49.3,0.0,0.6,1.3,1.7
Slovakia,2000-2004,0,5.4,9.4,17.2,4.6,69.9,0
Slovakia,2005-2009,0,7.7,7.8,16.4,4.8,73,0
Slovakia,2010-2014,0,10.8,6.7,15.4,5.8,75.9,0
Slovakia,2015-2020,0,11.5,5.8,15.0,6.4,78.8,0
Slovenia,2000-2004,0,17.5,5.4,5.2,3.7,62.2,3.5
Slovenia,2005-2009,0,18.3,5.8,6.0,4,62.7,2.5
Slovenia,2010-2014,0,21,5.4,5.8,4.9,66.5,0.3
Slovenia,2015-2020,0,17.3,5.1,6.0,4.9,68,2.3
"Solomon Islands",2000-2004,0.8,52.7,0.1,0.0,0,0,-2.4
"Solomon Islands",2005-2009,1.6,47.7,0.1,0.0,0,0,4.6
"Solomon Islands",2010-2014,2.6,44,0.1,0.0,0,0,4.8
"Solomon Islands",2015-2020,5.1,40.6,0.1,0.0,0,0,2.2
Somalia,2000-2004,0,93,0.3,0.0,0,0,0
Somalia,2005-2009,0,93.4,0.3,0.0,0,0,0
Somalia,2010-2014,0.1,94,0.3,0.0,0,0,1.5
Somalia,2015-2020,0.8,79,0.3,0.0,0,4.7,7.3
"South Africa",2000-2004,27.6,14.2,194.2,12.6,1.9,6.9,3.6
"South Africa",2005-2009,19.5,10.9,223.2,12.0,2,5.8,3.6
"South Africa",2010-2014,27,10.7,225,13.4,2.3,6.5,2.5
"South Africa",2015-2020,115.9,8.7,210.1,13.0,10.2,9.9,-0.3
"South Sudan",2010-2014,0,30,0.4,0.0,0,0,8.3
"South Sudan",2015-2020,0,23.2,0.5,0.0,0,0.9,-1.8
Spain,2000-2004,0,8.2,137.5,63.0,44.6,43.9,3.6
Spain,2005-2009,0,9.4,182,57.0,57.8,38.6,1.7
Spain,2010-2014,0,15.9,130.1,59.0,98.8,54.9,-0.7
Spain,2015-2020,0,14,111.6,57.7,101.4,58.8,0.6
"Sri Lanka",2000-2004,63.4,62.4,4,0.0,3,43.5,4
"Sri Lanka",2005-2009,67.9,61.5,5.4,0.0,3.9,42,6
"Sri Lanka",2010-2014,79.5,59.8,6.1,0.0,5.2,45.8,6.8
"Sri Lanka",2015-2020,99.2,42.4,8.9,0.0,5.7,39.4,2.5
Sudan,2000-2004,14.2,77.8,1.7,0.0,1.4,45.7,6.1
Sudan,2005-2009,21,66.8,3.1,0.0,1.9,37.7,3.8
Sudan,2010-2014,48.5,63.9,2,0.0,7.4,79.1,-1.9
Sudan,2015-2020,48.1,51.1,5.4,0.0,9.7,64.1,-0.4
Suriname,2000-2004,373.3,24.6,0.7,0.0,0.7,51.7,4.8
Suriname,2005-2009,352.2,23.6,0.7,0.0,0.9,54.9,4.5
Suriname,2010-2014,335.7,17.9,1,0.0,0.9,48.2,3.4
Suriname,2015-2020,330.9,11.6,1.1,0.0,0.9,44.9,-2.8
Sweden,2000-2004,0,36.6,6.7,68.2,72.9,95.4,3
Sweden,2005-2009,0,42,4.7,64.4,78.2,96.8,1.2
Sweden,2010-2014,0,46.9,5,62.6,86.6,96.7,2.5
Sweden,2015-2020,0,43.2,3.3,61.5,98.2,98,1.7
Switzerland,2000-2004,0,18.2,2.8,25.6,33.6,95.5,1.7
Switzerland,2005-2009,0,19.1,3,25.2,31.3,94.9,2.3
Switzerland,2010-2014,0,21.4,3.4,25.2,34.5,94.6,2.1
Switzerland,2015-2020,0,20.3,3.6,22.3,36.1,94.2,1.2
Tajikistan,2000-2004,631.6,63.3,0.2,0.0,15,98.9,10
Tajikistan,2005-2009,601.3,58.9,0.3,0.0,16.5,98.5,6.7
Tajikistan,2010-2014,616.2,55.7,0.1,0.0,16.4,99.6,7.1
Tajikistan,2015-2020,571.5,34.8,1,0.0,17.6,94.8,6.6
Thailand,2000-2004,56.3,20.3,95.1,0.0,7.4,7.3,5.5
Thailand,2005-2009,65.1,21.5,122.5,0.0,9.1,6.9,3.1
Thailand,2010-2014,87.4,23.4,143.7,0.0,12,7.7,3.9
Thailand,2015-2020,151.1,19.2,158.4,0.0,21.3,11.8,1.9
Togo,2000-2004,12.9,77.8,0.1,0.0,0.1,55.1,1.9
Togo,2005-2009,11.3,75.3,0.1,0.0,0.1,57.1,1.3
Togo,2010-2014,9.9,73,0.1,0.0,0.1,63.6,6.2
Togo,2015-2020,9,65.1,0.4,0.0,0.2,31.4,4.6
Tonga,2000-2004,0.7,2.4,0,0.0,0,0,1.9
Tonga,2005-2009,1,2,0,0.0,0,0,-0
Tonga,2010-2014,9.2,1.3,0,0.0,0,0,2.2
Tonga,2015-2020,55.9,1.6,0.1,0.0,0,9.9,2.1
"Trinidad and Tobago",2000-2004,4.7,0.7,5.5,0.0,0,0.5,8.3
"Trinidad and Tobago",2005-2009,3.9,0.5,7,0.0,0,0.3,4.6
"Trinidad and Tobago",2010-2014,2.2,0.4,8.5,0.0,0,0,1.1
"Trinidad and Tobago",2015-2020,2.4,0.4,8.7,0.0,0,0.1,-2.7
Tunisia,2000-2004,7.8,14.2,11,0.0,0.1,1.1,4.2
Tunisia,2005-2009,8.7,14.7,13.3,0.0,0.1,1,4.5
Tunisia,2010-2014,19.5,13,16.1,0.0,0.3,2,2.1
Tunisia,2015-2020,31.8,10.1,18.6,0.0,0.7,3.6,-0.2
Turkey,2000-2004,186.9,17.2,98.6,0.0,34.3,25.6,4.6
Turkey,2005-2009,200.3,13.5,145.8,0.0,38.7,21.2,3.4
Turkey,2010-2014,299.1,13,174.1,0.0,60.2,25.7,7.6
Turkey,2015-2020,490.6,10.7,187.3,0.0,103.2,35.4,3.8
Turkmenistan,2000-2004,0.3,0.1,10.1,0.0,0,0,3.7
Turkmenistan,2005-2009,0.2,0.1,13.6,0.0,0,0,11.2
Turkmenistan,2010-2014,0.2,0.1,17.1,0.0,0,0,11.1
Turkmenistan,2015-2020,0.2,0,21,0.0,0,0,5.3
Tuvalu,2000-2004,0.6,0,0,0.0,0,0,0.8
Tuvalu,2005-2009,4.9,0,0,0.0,0,0,1.7
Tuvalu,2010-2014,20.9,0.5,0,0.0,0,0,1.4
Tuvalu,2015-2020,193.7,6.4,0,0.0,0,0,5.5
Uganda,2000-2004,11.3,95.2,0,0.0,1.7,97.5,6.1
Uganda,2005-2009,12.3,93.9,0.5,0.0,1.5,75.3,8.2
Uganda,2010-2014,17.5,92.7,0.6,0.0,2,77.1,5.5
Uganda,2015-2020,22.3,75.5,0.2,0.0,3.7,93.9,4.8
Ukraine,2000-2004,0,1.1,85.2,79.8,10.8,51.6,8.3
Ukraine,2005-2009,0,2.2,87.5,89.0,11.9,53.6,1.2
Ukraine,2010-2014,0,3.1,91.1,88.0,12.2,52.5,-0.1
Ukraine,2015-2020,0,5.1,61.8,83.0,11.6,60.6,-0.4
"United Arab Emirates",2000-2004,0,0.1,43.6,0.0,0,0,6.6
"United Arab Emirates",2005-2009,0.3,0.1,70.8,0.0,0,0,3.2
"United Arab Emirates",2010-2014,6.6,0.1,98.8,0.0,0.1,0.1,4.5
"United Arab Emirates",2015-2020,97.1,0.2,123.1,0.3,2,1.8,1.5
"United Kingdom",2000-2004,0,1,288.2,86.4,11.1,25.3,2.7
"United Kingdom",2005-2009,0,2.2,299.2,68.2,20.4,22.9,0.6
"United Kingdom",2010-2014,0,5.3,247.8,67.2,44.1,31.2,2
"United Kingdom",2015-2020,0,8.4,159.2,64.0,104.4,51.6,0.2
"United States",2000-2004,0,5.2,2735.6,771.2,332.3,28.7,2.7
"United States",2005-2009,0,6.5,2883.3,796.0,375,28.9,1.1
"United States",2010-2014,0,8.6,2789.7,790.4,498.8,31.6,2.1
"United States",2015-2020,0,8.2,2601.5,802.3,700.7,36.6,1.5
Uruguay,2000-2004,466.3,41.4,0.3,0.0,7.8,94.7,-1.5
Uruguay,2005-2009,500.7,42.2,1.9,0.0,6,75.4,5.9
Uruguay,2010-2014,587,51.9,2.4,0.0,8.9,78.2,4.9
Uruguay,2015-2020,1011.6,50.4,1.7,0.0,12.6,88,-0.2
Uzbekistan,2000-2004,64,1,39.2,0.0,6.9,14.9,4.7
Uzbekistan,2005-2009,63.3,1.1,38.3,0.0,5.8,13,8.2
Uzbekistan,2010-2014,61.8,1.2,44.3,0.0,6.4,12.7,7.3
Uzbekistan,2015-2020,59.3,1.4,50.7,0.0,6.7,11.6,5.1
Vanuatu,2000-2004,3.1,52.5,0,0.0,0,0,1.1
Vanuatu,2005-2009,8.7,51.3,0,0.0,0,0,5.1
Vanuatu,2010-2014,26.7,37.3,0,0.0,0,18.1,1.8
Vanuatu,2015-2020,35.6,27.9,0,0.0,0,26.6,1.9
Yemen,2000-2004,0,0.9,3.6,0.0,0,0,0
Yemen,2005-2009,0,0.7,5.5,0.0,0,0,0
Yemen,2010-2014,0.1,0.9,7,0.0,0,0,0
Yemen,2015-2020,5.8,2.3,3.7,0.0,0.3,9.1,0
Zambia,2000-2004,162.3,89.6,0.1,0.0,8,99.1,5.5
Zambia,2005-2009,137.7,89.3,0.1,0.0,9.4,99.3,8.1
Zambia,2010-2014,143.7,85.8,0.1,0.0,12.2,99.2,6.6
Zambia,2015-2020,143.3,69.1,1.5,0.0,12.7,89.7,2.1
Zimbabwe,2000-2004,62.1,74.9,3.7,0.0,4.4,54.1,-6.7
Zimbabwe,2005-2009,63.8,80.1,2.2,0.0,5.5,71.9,-3.7
Zimbabwe,2010-2014,65,79.6,3.4,0.0,5.7,62.6,11
Zimbabwe,2015-2020,72.2,81.5,3.6,0.0,4.5,55.8,-0.1
