Entity,Year,Renewable-electricity-generating-capacity-per-capita,"Renewable energy share in the total final energy consumption (%)","Electricity from fossil fuels (TWh)","Electricity from nuclear (TWh)","Electricity from renewables (TWh)","Low-carbon electricity (% electricity)",gdp_growth
Afghanistan,2000,9.22,44.99,0.16,0,0.31,65.95744,0
Afghanistan,2001,8.86,45.6,0.09,0,0.5,84.745766,0
Afghanistan,2002,8.47,37.83,0.13,0,0.56,81.159424,0
Afghanistan,2003,8.09,36.66,0.31,0,0.63,67.02128,8.832277813
Afghanistan,2004,7.75,44.24,0.33,0,0.56,62.92135,1.414117981
Afghanistan,2005,7.51,33.88,0.34,0,0.59,63.440857,11.22971482
Afghanistan,2006,7.4,31.89,0.2,0,0.64,76.190475,5.357403251
Afghanistan,2007,7.25,28.78,0.2,0,0.75,78.94737,13.82631955
Afghanistan,2008,7.49,21.17,0.19,0,0.54,73.9726,3.924983822
Afghanistan,2009,7.5,16.53,0.16,0,0.78,82.97872,21.39052839
Afghanistan,2010,8.27,15.15,0.19,0,0.75,79.78723,14.36244147
Afghanistan,2011,8.13,12.61,0.18,0,0.6,76.92309,0.426354785
Afghanistan,2012,9.29,15.36,0.14,0,0.74,84.09091,12.75228709
Afghanistan,2013,9.1,16.86,0.22,0,0.89,80.180176,5.600744658
Afghanistan,2014,8.95,18.93,0.16,0,1,86.2069,2.724543364
Afghanistan,2015,8.79,17.53,0.15,0,1.03,87.28814,1.45131466
Afghanistan,2016,9.87,19.92,0.15,0,1.06,87.603294,2.260314201
Afghanistan,2017,9.79,19.21,0.18,0,1.09,85.826775,2.647003202
Afghanistan,2018,9.55,17.96,0.2,0,0.97,82.90598,1.189228128
Afghanistan,2019,9.58,18.51,0.18,0,0.89,83.17757,3.911603419
Afghanistan,2020,9.35,0,0.12,0,0.68,85,-2.351100673
Albania,2000,0,0,0.14,0,4.55,97.01493,6.946216585
Albania,2001,0,0,0.13,0,3.52,96.438354,8.293312636
Albania,2002,0,0,0.16,0,3.48,95.60439,4.536524157
Albania,2003,0,0,0.1,0,5.12,98.0843,5.528637464
Albania,2004,0,0,0.13,0,5.41,97.65343,5.51466791
Albania,2005,0,0,0.07,0,5.32,98.7013,5.526424241
Albania,2006,0,0,0.09,0,4.95,98.21428,5.902659038
Albania,2007,0,0,0.07,0,2.76,97.526505,5.983259523
Albania,2008,0,0,0.07,0,3.76,98.172325,7.500041428
Albania,2009,0,0,0,0,5.2,100,3.354289352
Albania,2010,0,0,0,0,7.49,100,3.70693815
Albania,2011,0,0,0.06,0,4.09,98.554214,2.545406145
Albania,2012,0,0,0,0,4.68,100,1.4172428
Albania,2013,0,0,0,0,6.89,100,1.00201754
Albania,2014,0,0,0,0,4.68,100,1.774448855
Albania,2015,0,0,0,0,5.84,100,2.218726372
Albania,2016,0,0,0,0,7.7,100,3.314980684
Albania,2017,0,0,0,0,4.48,100,3.8022274
Albania,2018,0,0,0,0,8.47,100,4.019359686
Albania,2019,0,0,0,0,5.17,100,2.113419982
Albania,2020,0,0,0,0,5.31,100,-3.955397927
Algeria,2000,8.91,0.43,23.84,0,0.05,0.20929259,3.8
Algeria,2001,8.79,0.43,24.96,0,0.07,0.2796644,3
Algeria,2002,8.68,0.51,25.94,0,0.06,0.23076923,5.6
Algeria,2003,8.57,0.47,27.54,0,0.26,0.93525183,7.2
Algeria,2004,8.46,0.44,29.14,0,0.25,0.8506295,4.3
Algeria,2005,8.34,0.58,31.36,0,0.55,1.7235976,5.9
Algeria,2006,7.42,0.41,32.9,0,0.22,0.6642512,1.7
Algeria,2007,7.3,0.41,34.75,0,0.22,0.62911063,3.4
Algeria,2008,6.64,0.3,37.55,0,0.28,0.74015325,2.4
Algeria,2009,6.44,0.31,35.91,0,0.3,0.8285005,1.6
Algeria,2010,7.02,0.26,42.82,0,0.17,0.3954408,3.6
Algeria,2011,6.89,0.18,47.67,0,0.5,1.0379905,2.9
Algeria,2012,6.76,0.18,53.36,0,0.62,1.1485735,3.4
Algeria,2013,6.62,0.13,55.99,0,0.33,0.5859375,2.8
Algeria,2014,6.78,0.07,60.15,0,0.25,0.41390726,3.8
Algeria,2015,7.85,0.06,64.46,0,0.22,0.34013605,3.7
Algeria,2016,11.88,0.08,66.43,0,0.34,0.50921077,3.2
Algeria,2017,16.02,0.14,70.86,0,0.64,0.8951049,1.3
Algeria,2018,16.25,0.19,71.32,0,0.78,1.0818309,1.1
Algeria,2019,15.93,0.16,75.85,0,0.84,1.0953188,1
Algeria,2020,15.64,0,72.01,0,0.72,0.9899628,-5.1
Angola,2000,14.37,73.44,0.5,0,0.9,64.28571,3.054624234
Angola,2001,13.9,72.34,0.58,0,1.01,63.52201,4.205998556
Angola,2002,13.46,70.42,0.58,0,1.13,66.08187,13.66568652
Angola,2003,13.01,65.14,0.71,0,1.23,63.40206,2.98985001
Angola,2004,26.44,61.92,0.45,0,1.73,79.357796,10.95286177
Angola,2005,25.53,68.38,0.53,0,2.2,80.58608,15.02891532
Angola,2006,24.63,62.13,0.6,0,2.64,81.48148,11.54768318
Angola,2007,36.27,58.49,0.68,0,2.47,78.4127,14.01001824
Angola,2008,36.52,54.88,0.96,0,3.1,76.35468,11.16613833
Angola,2009,35.22,52.41,1.54,0,3.06,66.52174,0.858712615
Angola,2010,34.02,52.51,1.64,0,3.68,69.17293,4.403932543
Angola,2011,32.83,51.06,1.55,0,3.98,71.97106,3.471976345
Angola,2012,35.16,49.47,2.29,0,3.74,62.023216,8.542187643
Angola,2013,37.05,47.95,3.24,0,4.73,59.347553,4.954544646
Angola,2014,38.31,48.23,3.98,0,5.24,56.83297,4.822627568
Angola,2015,37.05,47.84,4.03,0,5.28,56.713207,0.943571561
Angola,2016,61.19,49.03,4.2,0,6.01,58.863857,-2.580049644
Angola,2017,82.43,56.25,2.99,0,7.69,72.003746,-0.147212941
Angola,2018,101.45,57.36,2.93,0,9.9,77.162895,-2.003629727
Angola,2019,108.71,54.69,4.38,0,11.02,71.55844,-0.624644318
Angola,2020,115.43,0,4.49,0,12.1,72.9355,-5.39998739
"Antigua and Barbuda",2000,0,0,0.14,0,0,0,6.203431254
"Antigua and Barbuda",2001,0,0,0.16,0,0,0,-4.548003473
"Antigua and Barbuda",2002,0,0,0.18,0,0,0,1.02744197
"Antigua and Barbuda",2003,0,0,0.2,0,0,0,6.076543688
"Antigua and Barbuda",2004,0,0,0.21,0,0,0,5.767028612
"Antigua and Barbuda",2005,0,0,0.23,0,0,0,6.473831316
"Antigua and Barbuda",2006,0,0,0.24,0,0,0,12.70814853
"Antigua and Barbuda",2007,0,0,0.26,0,0,0,9.315383163
"Antigua and Barbuda",2008,0,0,0.27,0,0,0,-0.014340652
"Antigua and Barbuda",2009,1.15,0,0.31,0,0,0,-11.96269725
"Antigua and Barbuda",2010,1.14,0,0.32,0,0,0,-7.840594744
"Antigua and Barbuda",2011,3.36,0.08,0.32,0,0,0,-1.958612628
"Antigua and Barbuda",2012,3.32,0.15,0.31,0,0,0,3.3728662
"Antigua and Barbuda",2013,4.37,0.15,0.31,0,0,0,-0.600876397
"Antigua and Barbuda",2014,4.32,0.14,0.32,0,0,0,3.795727613
"Antigua and Barbuda",2015,36.34,0.48,0.32,0,0.01,3.030303,3.825293099
"Antigua and Barbuda",2016,37.03,0.6,0.32,0,0,0,5.496459204
"Antigua and Barbuda",2017,40.87,0.6,0.32,0,0.01,3.030303,3.14432324
"Antigua and Barbuda",2018,86.21,0.9,0.32,0,0.01,3.030303,6.883640817
"Antigua and Barbuda",2019,85.47,0.91,0.33,0,0.01,2.9411764,4.862236166
"Antigua and Barbuda",2020,167.98,0,0.31,0,0.02,6.060606,-20.19237057
Argentina,2000,235.62,9.85,50.37,6,28.89,40.914955,-0.788998939
Argentina,2001,234.09,11.51,42.91,7,37.04,50.38733,-4.408839683
Argentina,2002,236.78,11.62,39.7,5,36.06,51.07825,-10.89448483
Argentina,2003,234.82,10.82,46.73,7,34.38,46.982075,8.837040796
Argentina,2004,236.15,9.29,57.35,7,31.03,40.066883,9.029573301
Argentina,2005,234.67,9.64,59.89,6,34.6,40.620663,8.85165992
Argentina,2006,232.56,9.18,65.58,7,38.67,41.131058,8.0471515
Argentina,2007,236.6,7.72,72.95,7,31.18,34.19035,9.007650875
Argentina,2008,234.79,7.65,76.62,7,31.28,33.22876,4.057233103
Argentina,2009,241.83,8.59,74.01,8,34.7,36.362854,-5.918525076
Argentina,2010,239.96,8.79,78.54,7,34.41,34.353058,10.12539816
Argentina,2011,251.14,8.83,84.43,6,32.43,31.217922,6.003951693
Argentina,2012,252.14,8.61,91.86,6,30.93,28.619164,-1.026420454
Argentina,2013,250.97,8.91,91.55,6,35.03,30.806438,2.405323781
Argentina,2014,248.74,9.79,92.18,5,34.37,30.066004,-2.512615321
Argentina,2015,247.37,9.4,97.18,7,33.97,29.472387,2.731159828
Argentina,2016,245.23,9.38,100.8,8,31.02,27.81438,-2.080327844
Argentina,2017,244.82,10.37,99.4,6,33.4,28.267298,2.818502978
Argentina,2018,259.47,10.52,98.31,7,34.97,29.673082,-2.617396463
Argentina,2019,283.38,10.74,90.56,8,34.63,31.991589,-2.025934237
Argentina,2020,311.28,0,91.58,10,37.05,33.967842,-9.895268964
Armenia,2000,333.66,7.16,2.53,2,1.25,54.98221,5.900000003
Armenia,2001,331.89,5.42,2.62,2,0.96,52.962296,9.599999999
Armenia,2002,384.15,8.9,1.48,2,1.64,71.59309,13.2
Armenia,2003,387.62,9.81,1.43,2,1.96,72.55278,14
Armenia,2004,341.15,8.71,1.72,2,1.98,70.84745,10.5
Armenia,2005,345.27,6.49,1.72,3,1.75,71.189285,13.9
Armenia,2006,357.82,7.65,1.39,2,1.81,75.26691,13.2
Armenia,2007,364.5,7.02,1.4,2,1.83,74.91039,13.7
Armenia,2008,372.59,6.4,1.42,2,1.78,74.04023,6.9
Armenia,2009,380.13,7.8,1.08,2,2,79.88827,-14.1
Armenia,2010,391.73,9.36,1.35,2,2.54,78.15534,2.2
Armenia,2011,400.57,8.01,2.25,2,2.46,68.17539,4.699999999
Armenia,2012,434.48,6.56,3.19,2,2.3,58.08147,7.200000001
Armenia,2013,445.76,6.77,2.98,2,2.15,59.178085,3.3
Armenia,2014,446.62,7.08,3.09,2,1.97,57.84447,3.600000001
Armenia,2015,440.7,10.74,2.63,3,2.18,64.363144,3.199999999
Armenia,2016,448.05,13.15,2.43,2,2.33,65.03597,0.2
Armenia,2017,452.37,12.56,2.7,2,2.25,63.315216,7.500000002
Armenia,2018,459.61,11.13,3.17,2,2.31,57.04607,5.2
Armenia,2019,469.73,10.34,2.86,2,2.41,60.821915,7.599999999
Armenia,2020,484.04,0,2.98,3,1.92,59.999996,-7.4
Aruba,2000,0,0.18,0.73,0,0,0,7.616588194
Aruba,2001,0,0.18,0.76,0,0,0,-2.971256724
Aruba,2002,0,0.18,0.77,0,0,0,-3.273646411
Aruba,2003,0,0.18,0.79,0,0,0,1.975547262
Aruba,2004,0,0.19,0.81,0,0,0,7.911563466
Aruba,2005,0,0.19,0.86,0,0,0,1.214349349
Aruba,2006,0,0.19,0.85,0,0,0,1.050607528
Aruba,2007,0,0.19,0.88,0,0,0,1.800225971
Aruba,2008,0,0.19,0.86,0,0,0,-0.090708046
Aruba,2009,295.71,0.3,0.87,0,0.03,3.3333335,-10.51974854
Aruba,2010,296.07,5.46,0.78,0,0.11,12.35955,-3.685029387
Aruba,2011,296.91,5.66,0.77,0,0.11,12.5,3.44605475
Aruba,2012,302.25,6.86,0.73,0,0.14,16.091953,-1.369863014
Aruba,2013,306.3,6.89,0.74,0,0.15,16.853933,4.198232323
Aruba,2014,355.57,6.93,0.73,0,0.16,17.977528,0.3
Aruba,2015,365.16,6.73,0.75,0,0.18,19.35484,5.700000876
Aruba,2016,363.32,6.99,0.76,0,0.14,15.555556,2.099999586
Aruba,2017,361.61,6.7,0.79,0,0.14,15.053763,1.999999104
Aruba,2018,359.96,8.02,0.76,0,0.15,16.483517,0
Aruba,2019,358.39,7.48,0.77,0,0.15,16.304348,0
Aruba,2020,356.86,0,0.73,0,0.15,17.045456,0
Australia,2000,0,8.42,181.05,0,17.11,8.634437,3.912427733
Australia,2001,0,8.37,194.33,0,17.4,8.218014,2.038300732
Australia,2002,0,8.74,197.29,0,17.35,8.0833025,4.014526654
Australia,2003,0,7.15,195.13,0,18.5,8.659832,3.110325109
Australia,2004,0,6.68,203.66,0,19.41,8.701304,4.205446887
Australia,2005,0,6.71,195.95,0,19.75,9.156236,3.160338325
Australia,2006,0,6.85,198.72,0,21.19,9.63576,2.726893446
Australia,2007,0,6.95,208.59,0,20.93,9.119031,3.768487516
Australia,2008,0,6.79,211.06,0,18.49,8.05489,3.577014878
Australia,2009,0,7.15,216.42,0,18.32,7.804379,1.86683207
Australia,2010,0,8.16,212.5,0,21.13,9.044215,2.172337091
Australia,2011,0,8.32,213.56,0,27.33,11.3454275,2.469746294
Australia,2012,0,8.29,206.75,0,26.63,11.410575,3.917362463
Australia,2013,0,9.21,195.78,0,34.2,14.870858,2.600211881
Australia,2014,0,9.32,205.46,0,36.15,14.96213,2.562931521
Australia,2015,0,9.31,197.72,0,33.12,14.3476,2.172204753
Australia,2016,0,9.42,207.66,0,38.41,15.609379,2.741643069
Australia,2017,0,9.69,209.14,0,40.77,16.313873,2.295926947
Australia,2018,0,9.67,207.45,0,42.93,17.145937,2.87097248
Australia,2019,0,10.13,196.45,0,53.41,21.37597,2.113149425
Australia,2020,0,0,186.92,0,63.99,25.503168,-0.003836559
Austria,2000,0,26.44,16.41,0,43.44,72.58146,3.375722147
Austria,2001,0,25.53,18.82,0,42.24,69.17786,1.267168189
Austria,2002,0,24.68,18.79,0,41.9,69.03938,1.651553922
Austria,2003,0,22.56,22.82,0,35.24,60.695835,0.941470921
Austria,2004,0,23.17,22.31,0,39.62,63.975456,2.735120222
Austria,2005,0,24.41,23.61,0,40.88,63.389675,2.244065325
Austria,2006,0,26.64,21.62,0,40.66,65.285805,3.454041836
Austria,2007,0,28.99,19.74,0,43.17,68.62184,3.727415301
Austria,2008,0,29.68,19.97,0,44.53,69.03876,1.460423676
Austria,2009,0,31.31,19.12,0,47.18,71.161385,-3.764578178
Austria,2010,0,31.15,22.92,0,44.99,66.24944,1.837093677
Austria,2011,0,31.64,21.35,0,40.91,65.70832,2.922797284
Austria,2012,0,34.38,17.37,0,51.33,74.71616,0.680445577
Austria,2013,0,34.59,14.09,0,50.5,78.185486,0.025504712
Austria,2014,0,35.67,11.42,0,50.2,81.46706,0.661272849
Austria,2015,0,34.82,14.26,0,47.59,76.94422,1.014501586
Austria,2016,0,34.64,14.17,0,51.08,78.28352,1.989437162
Austria,2017,0,33.98,16.37,0,51.05,75.719376,2.258572433
Austria,2018,0,34.11,14.98,0,50.06,76.96802,2.501595119
Austria,2019,0,33.77,16.22,0,54.64,77.109795,1.49121085
Austria,2020,0,0,13.77,0,55.42,80.098274,-6.734514076
Azerbaijan,2000,113.51,2.07,16.13,0,1.52,8.611898,11.0999995
Azerbaijan,2001,113.82,1.75,16.61,0,1.29,7.206704,9.90000013
Azerbaijan,2002,112.84,2.35,16.47,0,2,10.828371,9.438916342
Azerbaijan,2003,116.01,2.94,17.69,0,2.44,12.121213,10.20830001
Azerbaijan,2004,114.81,3.07,17.76,0,2.73,13.323572,9.253801326
Azerbaijan,2005,113.6,3.36,17.12,0,2.98,14.8258705,27.96153807
Azerbaijan,2006,118.77,2.86,19.83,0,2.49,11.155914,34.5
Azerbaijan,2007,117.5,3.78,18.31,0,2.34,11.331718,25
Azerbaijan,2008,116.2,3.08,18.24,0,2.21,10.806846,10.75897816
Azerbaijan,2009,110.83,3.27,15.57,0,2.29,12.821948,9.296363473
Azerbaijan,2010,110.41,4.45,14.34,0,3.41,19.211267,5.048944567
Azerbaijan,2011,109.22,3.55,16.57,0,2.65,13.787722,0.1
Azerbaijan,2012,110.53,2.84,19.9,0,1.8,8.29493,2.16523943
Azerbaijan,2013,119.83,2.52,20.56,0,1.47,6.672719,5.809800945
Azerbaijan,2014,117.84,2.12,22.03,0,1.29,5.5317326,2.75050703
Azerbaijan,2015,119.91,2.33,21.66,0,1.62,6.9587626,1.093975846
Azerbaijan,2016,121.57,1.94,21.57,0,2,8.485363,-3.1
Azerbaijan,2017,121.23,1.91,21.17,0,1.79,7.7961674,0.2
Azerbaijan,2018,128.32,1.93,21.95,0,1.87,7.850546,1.5
Azerbaijan,2019,128.51,1.62,22.91,0,1.69,6.869919,2.5
Azerbaijan,2020,127.35,0,23.16,0,1.22,5.0041018,-4.3
Bahamas,2000,0,0,1.57,0,0,0,0
Bahamas,2001,0,0.42,1.63,0,0,0,0
Bahamas,2002,0,0.38,1.72,0,0,0,0
Bahamas,2003,0,1.54,1.81,0,0,0,0
Bahamas,2004,0,1.59,1.79,0,0,0,0
Bahamas,2005,0,1.71,1.89,0,0,0,0
Bahamas,2006,0,2.01,1.93,0,0,0,0
Bahamas,2007,0.3,3.54,2.05,0,0,0,0
Bahamas,2008,0.29,1.97,2.05,0,0,0,0
Bahamas,2009,0.57,1.83,1.95,0,0,0,0
Bahamas,2010,0.85,1.65,1.89,0,0,0,0
Bahamas,2011,1.14,1.42,1.93,0,0,0,0
Bahamas,2012,1.71,1.18,1.79,0,0,0,0
Bahamas,2013,1.7,0.96,1.77,0,0,0,0
Bahamas,2014,3.44,1.14,1.81,0,0,0,0
Bahamas,2015,3.47,1.54,1.88,0,0,0,0
Bahamas,2016,3.84,1.53,1.85,0,0,0,0
Bahamas,2017,3.66,1.44,1.87,0,0,0,0
Bahamas,2018,3.54,1.02,2.14,0,0,0,0
Bahamas,2019,5.88,1.14,2.1,0,0,0,0
Bahamas,2020,5.68,0,1.99,0,0,0,0
Bahrain,2000,0,0,13.02,0,0,0,5.300070056
Bahrain,2001,0,0,13.74,0,0,0,2.490948108
Bahrain,2002,0,0,14.34,0,0,0,3.348550668
Bahrain,2003,0,0,14.76,0,0,0,6.296441979
Bahrain,2004,0,0,15.18,0,0,0,6.980960594
Bahrain,2005,0,0,18.2,0,0,0,6.768997871
Bahrain,2006,0,0,19.77,0,0,0,6.467000122
Bahrain,2007,0,0,20.42,0,0,0,8.293960448
Bahrain,2008,0.61,0,21.45,0,0,0,6.245010775
Bahrain,2009,0.57,0,21.21,0,0,0,2.539885936
Bahrain,2010,0.55,0,22.39,0,0,0,4.334299173
Bahrain,2011,0.54,0,22.88,0,0,0,1.983515012
Bahrain,2012,0.92,0,23.29,0,0,0,3.72810843
Bahrain,2013,0.9,0,24.36,0,0,0,5.41683981
Bahrain,2014,4.26,0,25.62,0,0.01,0.03901678,4.350390853
Bahrain,2015,4.15,0,26.77,0,0.01,0.037341297,2.485378558
Bahrain,2016,4.69,0,26.8,0,0.01,0.037299518,3.558128119
Bahrain,2017,4.48,0,27.47,0,0.01,0.036390103,4.290949778
Bahrain,2018,4.48,0,27.77,0,0.01,0.03599712,2.136701347
Bahrain,2019,6.11,0,31.43,0,0.01,0.031806614,2.141376784
Bahrain,2020,6.13,0,29.85,0,0.01,0.03348962,-5.085180213
Bangladesh,2000,1.8,59.06,13.93,0,0.94,6.3214526,5.293294718
Bangladesh,2001,1.77,55.82,15.41,0,0.98,5.9792557,5.077287776
Bangladesh,2002,1.74,54.33,16.55,0,1.05,5.9659085,3.83312394
Bangladesh,2003,1.71,52.62,17.47,0,1.12,6.0247445,4.739567399
Bangladesh,2004,1.69,52.05,22.05,0,1.21,5.2020636,5.23953291
Bangladesh,2005,1.67,50.66,24.15,0,1.28,5.033425,6.535944941
Bangladesh,2006,1.67,48.69,27.86,0,1.39,4.7521367,6.671904981
Bangladesh,2007,1.66,47.19,28.45,0,0.76,2.6018488,7.058599357
Bangladesh,2008,1.68,45.2,31.36,0,0.96,2.970297,6.013789759
Bangladesh,2009,1.72,43.1,34.6,0,0.47,1.3401768,5.045124794
Bangladesh,2010,1.8,40.28,37.65,0,0.84,2.182385,5.571788188
Bangladesh,2011,1.79,38.41,40.67,0,0.99,2.3763802,6.464379123
Bangladesh,2012,1.92,37.31,44.91,0,0.93,2.0287957,6.521458781
Bangladesh,2013,2.16,37.08,48.94,0,1.1,2.1982415,6.013605658
Bangladesh,2014,2.3,35.32,51.78,0,0.81,1.5402168,6.061059359
Bangladesh,2015,2.45,31.93,54.76,0,0.83,1.4930743,6.552639879
Bangladesh,2016,2.52,30.49,63.57,0,1.27,1.9586676,7.113478213
Bangladesh,2017,2.65,28.36,67.59,0,1.32,1.9155419,7.284174423
Bangladesh,2018,2.72,26.88,72.56,0,1.4,1.8929151,7.86375358
Bangladesh,2019,2.93,24.75,78.37,0,1.14,1.4337819,8.152684149
Bangladesh,2020,3.12,0,74.41,0,1.31,1.7300581,3.509135882
Barbados,2000,0,14.32,0.76,0,0,0,4.447189623
Barbados,2001,0.37,12.56,0.8,0,0,0,-2.365464222
Barbados,2002,0.37,11.3,0.83,0,0,0,0.787401575
Barbados,2003,0.37,9.95,0.87,0,0,0,2.175480769
Barbados,2004,0.36,9.93,0.9,0,0,0,1.411598635
Barbados,2005,0.72,9.91,0.95,0,0,0,3.955457604
Barbados,2006,0.72,9.9,0.98,0,0,0,5.90270029
Barbados,2007,2.15,9.71,1,0,0,0,2.202086187
Barbados,2008,2.14,8.63,1.01,0,0,0,0.701030928
Barbados,2009,2.85,9.4,1.02,0,0,0,-5.077805078
Barbados,2010,3.54,9.08,0.97,0,0,0,-2.28645384
Barbados,2011,4.42,4.66,0.99,0,0,0,-0.673289183
Barbados,2012,5.29,4.21,1.06,0,0,0,-0.455606178
Barbados,2013,5.98,3.51,0.95,0,0,0,-1.406563965
Barbados,2014,22.82,3.44,0.96,0,0.01,1.0309278,-0.124547101
Barbados,2015,31.54,3.16,0.97,0,0.01,1.0204082,2.448701961
Barbados,2016,70.05,3.49,0.98,0,0.02,2,2.478698683
Barbados,2017,73.44,5.13,0.98,0,0.03,2.970297,0.475110679
Barbados,2018,76.82,5.79,0.97,0,0.03,3,-0.580333154
Barbados,2019,122.01,4.31,0.98,0,0.04,3.9215686,-0.096135553
Barbados,2020,174.06,0,0.93,0,0.07,7,-18.9795097
Belarus,2000,0,5.65,24.51,0,0.03,0.12224939,5.80000344
Belarus,2001,0,6.26,23.53,0,0.03,0.12733448,4.725305994
Belarus,2002,0,6.52,24.84,0,0.03,0.120627254,5.04526748
Belarus,2003,0,6.25,25,0,0.03,0.11985617,7.043192559
Belarus,2004,0,6.27,29.31,0,0.03,0.10224949,11.44974311
Belarus,2005,0,6.83,29.07,0,0.04,0.13740982,9.400001524
Belarus,2006,0,7.2,29.79,0,0.06,0.20100503,9.999994812
Belarus,2007,0,7.28,29.81,0,0.07,0.23427042,8.600006536
Belarus,2008,0,7.08,32.79,0,0.11,0.3343465,10.19999944
Belarus,2009,0,7.39,28.38,0,0.1,0.3511236,0.19999531
Belarus,2010,0,7.3,32.68,0,0.12,0.36585367,7.798266823
Belarus,2011,0,7.52,30.12,0,0.12,0.3968254,5.37870745
Belarus,2012,0,7.25,28.78,0,0.16,0.552868,1.687135536
Belarus,2013,0,6.97,29.31,0,0.29,0.9797297,1.003470841
Belarus,2014,0,6.69,32.36,0,0.27,0.8274594,1.726384854
Belarus,2015,0,6.83,31.73,0,0.29,0.90568393,-3.829570558
Belarus,2016,0,6.74,31.15,0,0.4,1.2678288,-2.526446436
Belarus,2017,0,7.29,31.71,0,0.75,2.3105361,2.5321835
Belarus,2018,0,7.22,35.85,0,0.81,2.2094927,3.149197594
Belarus,2019,0,7.83,36.74,0,0.94,2.494692,1.4
Belarus,2020,0,0,34.59,0,1.27,4.4475136,-0.9
Belgium,2000,0,1.44,33.58,48,1.05,59.439545,3.716679384
Belgium,2001,0,1.58,31.2,46,1.08,60.32049,1.099618888
Belgium,2002,0,1.68,32.44,47,1.14,59.92093,1.706884585
Belgium,2003,0,1.89,34.99,47,1.2,58.13091,1.037982549
Belgium,2004,0,2.02,34.11,47,1.5,58.863968,3.571204343
Belgium,2005,0,2.46,34.39,48,2.11,59.108204,2.321737054
Belgium,2006,0,2.82,33.46,47,2.96,59.72072,2.552349944
Belgium,2007,0,3.34,34.84,48,3.49,59.750465,3.676881136
Belgium,2008,0,3.91,32.82,46,4.42,60.367107,0.446928735
Belgium,2009,0,4.83,37,47,5.45,58.737595,-2.020743062
Belgium,2010,0,6.22,38.39,48,6.54,58.662643,2.864292708
Belgium,2011,0,6.66,32.51,48,8.31,63.492416,1.694513899
Belgium,2012,0,7.67,30.62,40,10.51,62.392532,0.739217283
Belgium,2013,0,8.22,27.37,43,11.71,66.50758,0.459242193
Belgium,2014,0,9.13,25.03,34,12.21,64.71666,1.578533143
Belgium,2015,0,9.37,27.57,26,14.45,59.5273,2.041459009
Belgium,2016,0,9.2,26.19,44,14.25,68.80657,1.266686409
Belgium,2017,0,9.64,26.9,42,15.8,68.32686,1.619580278
Belgium,2018,0,10.66,27.75,29,17.17,62.255173,1.819203664
Belgium,2019,0,10.21,29.32,44,19.47,68.237465,2.149559681
Belgium,2020,0,0,30,34,23.46,65.866425,-5.65965987
Belize,2000,125.47,34.55,0.09,0,0.09,49.999996,13.01957737
Belize,2001,121.81,29.61,0.06,0,0.09,59.999996,4.681635596
Belize,2002,118.55,31.19,0.06,0,0.09,59.999996,4.732407564
Belize,2003,115.65,30.18,0.11,0,0.06,35.294117,9.33361184
Belize,2004,112.81,32.02,0.1,0,0.06,37.5,4.789941179
Belize,2005,134.99,31.01,0.1,0,0.07,41.17647,1.940903652
Belize,2006,142.84,36.8,0.05,0,0.18,78.26087,4.825480417
Belize,2007,139.4,32.31,0.06,0,0.18,75,0.511014407
Belize,2008,136.3,34.06,0.03,0,0.2,86.95652,3.489805261
Belize,2009,201.51,29.18,0.05,0,0.2,80,0.217460774
Belize,2010,196.87,32.93,0.18,0,0.31,63.265305,3.003527256
Belize,2011,252.34,44.36,0.14,0,0.29,67.44186,1.918252014
Belize,2012,249.69,50.07,0.2,0,0.27,57.44681,2.421763142
Belize,2013,244.22,40.99,0.15,0,0.3,66.66667,1.294084755
Belize,2014,240.8,37.47,0.19,0,0.32,62.7451,4.037695674
Belize,2015,239.36,30.34,0.23,0,0.31,57.407406,2.637862422
Belize,2016,277.93,33.38,0.21,0,0.32,60.37736,-0.033233632
Belize,2017,293.77,36.25,0.35,0,0.41,53.94737,1.813682033
Belize,2018,288.91,34.64,0.39,0,0.4,50.63291,2.906069731
Belize,2019,263.4,29.09,0.41,0,0.47,53.409092,1.762797913
Belize,2020,258.71,0,0.38,0,0.24,38.70968,-14.01053215
Benin,2000,0.07,70.29,0.08,0,0,0,5.857714205
Benin,2001,0.07,66.86,0.06,0,0,0,5.333135706
Benin,2002,0.07,64.04,0.06,0,0,0,4.643030871
Benin,2003,0.07,61.73,0.07,0,0,0,3.443576776
Benin,2004,0.06,60.69,0.08,0,0,0,4.429684554
Benin,2005,0.06,59.2,0.1,0,0,0,1.713164564
Benin,2006,0.06,57.31,0.14,0,0,0,3.943738828
Benin,2007,0.06,54.49,0.2,0,0,0,5.986349322
Benin,2008,0.06,54.76,0.21,0,0,0,4.896577084
Benin,2009,0.06,52.83,0.12,0,0,0,2.319292139
Benin,2010,0.05,47.19,0.11,0,0,0,2.114064726
Benin,2011,0.05,48.7,0.09,0,0,0,2.963752919
Benin,2012,0.05,50.33,0.05,0,0,0,4.811223316
Benin,2013,0.05,51.97,0.09,0,0,0,7.191433721
Benin,2014,0.07,51.05,0.22,0,0,0,6.357679098
Benin,2015,0.16,49.94,0.3,0,0,0,1.77815106
Benin,2016,0.31,45.42,0.25,0,0,0,3.339673426
Benin,2017,0.3,45.38,0.31,0,0,0,5.671555469
Benin,2018,0.3,43.97,0.19,0,0,0,6.697259461
Benin,2019,0.29,46.47,0.19,0,0.01,5,6.865687336
Benin,2020,0.28,0,0.22,0,0.01,4.347826,3.8487924
Bermuda,2000,0,0.46,0,0,0,0,9.317156411
Bermuda,2001,0,0.54,0,0,0,0,7.222435538
Bermuda,2002,0,0.51,0,0,0,0,-1.477790598
Bermuda,2003,0,0.51,0,0,0,0,3.410706677
Bermuda,2004,0,0.52,0,0,0,0,2.321267223
Bermuda,2005,0,0.49,0,0,0,0,1.674206114
Bermuda,2006,0,0.44,0,0,0,0,5.54386638
Bermuda,2007,0,0.5,0,0,0,0,3.345139709
Bermuda,2008,0,0.46,0,0,0,0,-1.865955826
Bermuda,2009,0,0.43,0,0,0,0,-5.626697711
Bermuda,2010,0,0.43,0,0,0,0,-2.502878289
Bermuda,2011,0,0.42,0,0,0,0,-3.742744317
Bermuda,2012,0,0.44,0,0,0,0,-5.305299107
Bermuda,2013,0,1.47,0,0,0,0,-0.279708545
Bermuda,2014,0,0.43,0,0,0,0,-3.701067594
Bermuda,2015,0,0.55,0,0,0,0,0.7755297
Bermuda,2016,0,1.09,0,0,0,0,-0.657206304
Bermuda,2017,0,0.64,0,0,0,0,3.611419837
Bermuda,2018,0,0.67,0,0,0,0,-0.4328013
Bermuda,2019,0,0.84,0,0,0,0,0.459889943
Bermuda,2020,0,0,0,0,0,0,-6.344080246
Bhutan,2000,582.64,91.4,0,0,1.79,100,3.355068285
Bhutan,2001,595.48,91.75,0,0,1.92,100,8.348954483
Bhutan,2002,671.45,91.2,0,0,2.18,100,10.99228184
Bhutan,2003,682.71,91.92,0,0,2.5,100,7.823302361
Bhutan,2004,670.98,93.46,0,0,2.33,100,6.008742236
Bhutan,2005,722.57,91.67,0,0,2.62,100.00001,7.287249352
Bhutan,2006,712.42,91.92,0,0,4.47,100,6.999738095
Bhutan,2007,2238.69,92.07,0,0,6.49,100,18.36085406
Bhutan,2008,2216.23,91.81,0,0,6.89,100,4.799460612
Bhutan,2009,2194.18,92.38,0,0,6.93,100,6.748333748
Bhutan,2010,2171.22,90.8,0,0,7.26,100,11.945896
Bhutan,2011,2146.8,89.01,0,0,6.97,100,7.982617041
Bhutan,2012,2121.45,87.32,0,0,6.74,100,5.118400858
Bhutan,2013,2095.61,86.7,0,0,7.53,100,2.119972633
Bhutan,2014,2069.91,86.54,0,0,7.15,100,5.77649568
Bhutan,2015,2218.72,86.68,0,0,7.73,100,6.642232105
Bhutan,2016,2192.15,85.02,0,0,7.88,100,8.127033538
Bhutan,2017,2166.11,83.63,0,0,7.65,100,4.651834675
Bhutan,2018,2141.06,82.22,0,0,6.89,100,3.055129837
Bhutan,2019,3060.19,82.27,0,0,8.95,100,5.755169995
Bhutan,2020,3026.4,0,0,0,8.95,100,-10.07634112
"Bosnia and Herzegovina",2000,0,19.35,5.01,0,5.04,50.149254,12.76546946
"Bosnia and Herzegovina",2001,0,20.27,5.13,0,5.13,50,2.423313172
"Bosnia and Herzegovina",2002,0,21.21,5.19,0,5.22,50.144093,5.027444207
"Bosnia and Herzegovina",2003,0,20.14,6.36,0,4.46,41.219963,3.867138795
"Bosnia and Herzegovina",2004,0,20.1,6.34,0,5.92,48.287113,6.325266169
"Bosnia and Herzegovina",2005,0,19.73,6.21,0,5.94,48.88889,3.89717799
"Bosnia and Herzegovina",2006,0,18.12,7,0,5.8,45.3125,5.414003571
"Bosnia and Herzegovina",2007,0,14.84,7.32,0,3.96,35.106384,5.857126342
"Bosnia and Herzegovina",2008,0,14.28,9.36,0,4.82,33.99154,5.443831035
"Bosnia and Herzegovina",2009,0,17.43,8.86,0,6.18,41.090427,-3.00445593
"Bosnia and Herzegovina",2010,0,19.57,8.55,0,7.95,48.18182,0.86566926
"Bosnia and Herzegovina",2011,0,14.16,10.24,0,4.34,29.766804,0.959511247
"Bosnia and Herzegovina",2012,0,15.28,9.27,0,4.17,31.026787,-0.821836474
"Bosnia and Herzegovina",2013,0,19.48,9.6,0,7.16,42.720764,2.349856663
"Bosnia and Herzegovina",2014,0,23.68,9.61,0,5.89,38,1.153851092
"Bosnia and Herzegovina",2015,0,25.28,9.47,0,5.5,36.740147,3.089164152
"Bosnia and Herzegovina",2016,0,23.03,11.37,0,5.62,33.07828,3.149806916
"Bosnia and Herzegovina",2017,0,18.52,11.68,0,3.78,24.450193,3.171434875
"Bosnia and Herzegovina",2018,0,35.4,11.76,0,6.48,35.526318,3.740071092
"Bosnia and Herzegovina",2019,0,37.02,10.36,0,6.31,37.85243,2.831002603
"Bosnia and Herzegovina",2020,0,0,10.82,0,4.9,31.170483,-3.196950134
Botswana,2000,0,38.46,0.89,0,0,0,1.987695854
Botswana,2001,0,37.51,0.95,0,0,0,0.250573867
Botswana,2002,0,36.13,0.84,0,0,0,6.069530868
Botswana,2003,0,36.21,0.68,0,0,0,4.625894792
Botswana,2004,0,34.34,0.74,0,0,0,2.705821737
Botswana,2005,0,33,0.81,0,0,0,4.556645657
Botswana,2006,0,31.4,0.75,0,0,0,8.363871069
Botswana,2007,0,29.03,0.58,0,0,0,8.276763793
Botswana,2008,0,27.86,0.55,0,0,0,6.245437363
Botswana,2009,0.01,28.29,0.41,0,0,0,-7.652310203
Botswana,2010,0.07,29.41,0.5,0,0,0,8.563630792
Botswana,2011,0.08,28.41,0.45,0,0,0,6.048361455
Botswana,2012,0.79,27.55,0.33,0,0,0,4.456144471
Botswana,2013,0.83,26.36,0.86,0,0,0,11.34339697
Botswana,2014,0.89,25.38,2.17,0,0,0,4.149262255
Botswana,2015,1.01,25.58,2.79,0,0,0,-5.717682557
Botswana,2016,1.52,26.13,2.52,0,0,0,7.036896951
Botswana,2017,1.54,26.12,2.84,0,0,0,4.00344974
Botswana,2018,1.74,25.76,2.96,0,0.01,0.33670032,3.98039539
Botswana,2019,2.65,25.57,3.05,0,0.01,0.3267974,2.992737635
Botswana,2020,2.61,0,2.05,0,0.01,0.48543692,-8.492893511
Brazil,2000,364.68,42.66,28.87,5,308.77,91.57278,4.387949444
Brazil,2001,367.36,41.33,35.19,14,273.71,89.111,1.389896404
Brazil,2002,374.1,42.85,33.5,14,292.95,90.15546,3.053461857
Brazil,2003,387.32,45.11,31.62,13,313.88,91.18975,1.140828999
Brazil,2004,392.57,45.18,40.14,12,329.43,89.46926,5.759964637
Brazil,2005,399.88,46.13,39.56,9,346.96,90.00303,3.202132062
Brazil,2006,412.49,46.67,39.4,13,359.55,90.43527,3.961988709
Brazil,2007,427.18,47.19,37.64,12,387.88,91.390076,6.069870607
Brazil,2008,432.21,47.04,55.87,13,385.61,87.71251,5.094195448
Brazil,2009,438.04,48.92,36.32,12,410.13,92.08145,-0.125812003
Brazil,2010,457.6,46.81,61.02,14,435.99,88.053566,7.528225818
Brazil,2011,470.43,45.26,50.27,15,462.32,90.468155,3.974423079
Brazil,2012,482.3,43.49,77.21,15,454.78,85.88896,1.921175985
Brazil,2013,496.6,42.32,112,15,436.84,80.12387,3.00482267
Brazil,2014,524.97,41.71,136.58,14,430.82,76.527,0.50395574
Brazil,2015,550.89,43.62,128.85,14,428.81,77.456825,-3.545763393
Brazil,2016,588.73,45.46,93.06,15,463.37,83.713684,-3.275916906
Brazil,2017,617.89,45.33,101.9,15,464.4,82.4661,1.322869054
Brazil,2018,652.03,46.95,86.69,15,492.66,85.409164,1.783666761
Brazil,2019,684.92,47.57,90.91,15,512.59,85.30534,1.411152985
Brazil,2020,705.9,0,81.15,13,520.01,86.79134,-4.059048273
Bulgaria,2000,0,7.97,19.79,18,2.63,51.25616,4.587225342
Bulgaria,2001,0,7.24,22.25,20,1.65,48.791714,3.823703664
Bulgaria,2002,0,8.7,19.75,20,2.12,53.07674,5.871930278
Bulgaria,2003,0,9.16,22.02,17,2.99,47.93095,5.237154278
Bulgaria,2004,0,9.55,21.44,17,3.14,48.212555,6.510426379
Bulgaria,2005,0,9.83,20.98,19,4.3,52.242203,7.056347526
Bulgaria,2006,0,9.96,21.76,19,4.23,52.154793,6.802589382
Bulgaria,2007,0,8.85,25.38,15,2.88,40.83916,6.591380837
Bulgaria,2008,0,9.94,25.86,16,2.93,41.96589,6.116017964
Bulgaria,2009,0,11.62,23.39,15,3.68,44.74368,-3.271854279
Bulgaria,2010,0,14.27,24.97,15,5.76,45.69378,1.541801443
Bulgaria,2011,0,13.22,29.75,16,3.89,40.44044,2.10120575
Bulgaria,2012,0,15.63,25.45,16,5.25,45.245266,0.754930386
Bulgaria,2013,0,18.24,21.96,14,6.91,48.977695,-0.560493966
Bulgaria,2014,0,17.15,23.66,16,7.39,49.573746,0.966869032
Bulgaria,2015,0,17.85,24.57,15,8.75,49.548252,3.428054914
Bulgaria,2016,0,17.71,21.74,16,7.04,51.21185,3.039825276
Bulgaria,2017,0,17.12,23.25,16,6.13,48.25284,2.76217096
Bulgaria,2018,0,19.6,21.03,16,9.38,54.813065,2.684576131
Bulgaria,2019,0,19.34,19.75,17,7.49,54.908676,4.037592082
Bulgaria,2020,0,0,16.12,17,7.47,59.920437,-4.387149834
"Burkina Faso",2000,2.8,85.41,0.22,0,0.1,31.25,1.888473889
"Burkina Faso",2001,2.72,83.68,0.27,0,0.05,15.625,6.613405745
"Burkina Faso",2002,2.64,79.34,0.3,0,0.06,16.666666,4.35296383
"Burkina Faso",2003,2.58,79.08,0.35,0,0.1,22.222223,7.802493889
"Burkina Faso",2004,2.54,83.53,0.37,0,0.1,21.276596,4.478452137
"Burkina Faso",2005,2.47,86.54,0.39,0,0.1,20.408163,8.661873228
"Burkina Faso",2006,2.4,84.62,0.44,0,0.08,15.384616,6.253164688
"Burkina Faso",2007,2.36,82.43,0.47,0,0.11,18.965517,4.111379018
"Burkina Faso",2008,2.34,82.94,0.45,0,0.13,22.413794,5.799991741
"Burkina Faso",2009,2.31,83.6,0.53,0,0.13,19.696968,2.961950859
"Burkina Faso",2010,2.28,81.45,0.51,0,0.13,20.3125,8.446281577
"Burkina Faso",2011,2.35,80.57,0.6,0,0.09,13.043478,6.622562613
"Burkina Faso",2012,2.28,77.18,0.76,0,0.11,12.643678,6.45267238
"Burkina Faso",2013,2.25,75.43,0.87,0,0.12,12.121212,5.792584845
"Burkina Faso",2014,2.23,75.24,1.02,0,0.1,8.928572,4.326845615
"Burkina Faso",2015,2.26,72.71,1.33,0,0.1,6.993007,3.921228794
"Burkina Faso",2016,2.3,72.27,1.39,0,0.16,10.322581,5.957976708
"Burkina Faso",2017,4.15,69.08,1.48,0,0.16,9.756098,6.203489411
"Burkina Faso",2018,4.8,66.97,1.42,0,0.23,13.939394,6.604569068
"Burkina Faso",2019,4.81,64.85,1.51,0,0.21,12.209302,5.688115149
"Burkina Faso",2020,4.68,0,1.43,0,0.21,12.804878,1.93032489
Burundi,2000,8.51,93.23,0,0,0.1,100,-0.856864058
Burundi,2001,8.31,94.84,0,0,0.11,100,2.055807108
Burundi,2002,8.09,94.65,0,0,0.13,100,4.446519412
Burundi,2003,7.85,95.76,0,0,0.1,100,-1.22372796
Burundi,2004,7.61,96.04,0,0,0.09,99.99999,4.833657768
Burundi,2005,7.38,96.01,0,0,0.09,99.99999,0.900000001
Burundi,2006,7.16,95.31,0,0,0.09,99.99999,5.413807145
Burundi,2007,6.94,95.29,0,0,0.12,100,3.45195249
Burundi,2008,6.73,95.15,0,0,0.11,100,4.861712995
Burundi,2009,6.51,95.18,0,0,0.12,100,3.812746937
Burundi,2010,6.32,92.57,0,0,0.14,100,5.124163303
Burundi,2011,6.2,91.65,0.01,0,0.13,92.85714,4.032602496
Burundi,2012,6.09,91.45,0.01,0,0.14,93.33333,4.446708222
Burundi,2013,6.01,91.08,0.03,0,0.15,83.333336,4.924195261
Burundi,2014,5.85,91.28,0.04,0,0.15,78.94737,4.240651644
Burundi,2015,5.69,91.15,0.03,0,0.15,83.333336,-3.900003086
Burundi,2016,5.61,89.52,0.03,0,0.16,84.210526,-0.600020001
Burundi,2017,5.3,88.12,0.08,0,0.21,72.413795,0.500009999
Burundi,2018,5.14,85.58,0.1,0,0.17,62.96296,1.609933082
Burundi,2019,4.98,84.77,0.12,0,0.24,66.666664,1.842476677
Burundi,2020,4.83,0,0.11,0,0.24,68.57143,0.297577119
Cambodia,2000,0.83,81.58,0.42,0,0.05,10.638298,9.993580322
Cambodia,2001,0.82,80.51,0.48,0,0.03,5.882353,8.148386098
Cambodia,2002,0.97,80.97,0.66,0,0.03,4.347826,6.578939503
Cambodia,2003,0.96,79.92,0.67,0,0.04,5.633803,8.505895557
Cambodia,2004,1.02,80.69,0.73,0,0.03,3.9473684,10.34052878
Cambodia,2005,1.02,79.24,0.86,0,0.04,4.4444447,13.25008691
Cambodia,2006,1.35,78.01,0.98,0,0.13,11.711712,10.77108367
Cambodia,2007,1.4,74.79,1.25,0,0.16,11.347518,10.21257391
Cambodia,2008,1.47,74.13,1.23,0,0.16,11.510792,6.691577475
Cambodia,2009,1.53,68.04,1.02,0,0.15,12.820514,0.086696959
Cambodia,2010,1.51,64.82,0.81,0,0.12,12.903226,5.963078575
Cambodia,2011,14.97,63.99,0.81,0,0.18,18.181818,7.069569946
Cambodia,2012,17.85,64.36,0.51,0,0.86,62.773724,7.313345505
Cambodia,2013,47.59,64.97,0.47,0,1.26,72.83237,7.356665149
Cambodia,2014,63.67,63.7,1.03,0,1.96,65.55184,7.142571101
Cambodia,2015,62.79,60.63,2.1,0,2.16,50.704227,6.965797815
Cambodia,2016,62.07,58.01,2.62,0,2.81,51.749542,6.933313973
Cambodia,2017,66.17,56.25,3.7,0,3.07,45.34712,6.996903699
Cambodia,2018,86.74,56.38,2.96,0,5,62.81407,7.469169207
Cambodia,2019,91.27,53.36,3.94,0,4.51,53.372787,7.054106932
Cambodia,2020,95.03,0,3.83,0,4.62,54.674557,-3.147589098
Cameroon,2000,46.37,84.59,0.04,0,3.41,98.840576,3.832417795
Cameroon,2001,45.16,85.3,0.06,0,3.44,98.28571,4.324261192
Cameroon,2002,43.97,85.26,0.11,0,3.15,96.62577,4.477026829
Cameroon,2003,42.82,85.3,0.15,0,3.49,95.87912,5.453153691
Cameroon,2004,41.68,85.53,0.18,0,3.88,95.566505,7.048862823
Cameroon,2005,40.57,86.31,0.22,0,3.73,94.43038,2.228270206
Cameroon,2006,39.48,85.51,0.54,0,3.85,87.69932,3.809583273
Cameroon,2007,38.41,80.82,1.24,0,3.81,75.44554,4.327589013
Cameroon,2008,37.37,80.82,1.29,0,4.19,76.459854,2.847677889
Cameroon,2009,36.37,79.25,1.59,0,3.98,71.454216,2.579251775
Cameroon,2010,35.61,78.76,1.49,0,4.22,73.905426,2.899024724
Cameroon,2011,34.96,78.61,1.38,0,4.35,75.91623,3.379211288
Cameroon,2012,34.04,78.53,1.09,0,4.21,79.43396,4.625978719
Cameroon,2013,33.34,77.6,1.82,0,4.33,70.4065,4.995529159
Cameroon,2014,32.54,76.79,2.33,0,4.34,65.06747,5.719818144
Cameroon,2015,31.76,78.06,3.37,0,4.33,56.23377,5.666952991
Cameroon,2016,30.99,78.78,2.58,0,4.34,62.716763,4.535794236
Cameroon,2017,30.28,79.17,2.78,0,5.06,64.54082,3.541176549
Cameroon,2018,29.6,79.25,3.29,0,4.99,60.265697,3.95551424
Cameroon,2019,30.59,79.41,2.99,0,5.36,64.19161,3.475059979
Cameroon,2020,29.82,0,2.84,0,5.45,65.74186,0.491914742
Canada,2000,0,22.04,155.56,69,363.7,73.5631,4.917762744
Canada,2001,0,21.53,159.93,73,339.58,72.05828,1.405527589
Canada,2002,0,21.77,155.12,72,357.06,73.43517,3.422146171
Canada,2003,0,21.18,157.35,71,343.88,72.50952,3.811090153
Canada,2004,0,21.58,148.86,86,347.68,74.44069,3.914028782
Canada,2005,0,21.99,150.78,87,368.86,75.1381,4.995860869
Canada,2006,0,21.92,139.71,92,360.48,76.42542,4.165817627
Canada,2007,0,21.84,149.36,88,375.42,75.63339,6.868608857
Canada,2008,0,21.91,141.33,88,385.21,77.01353,1.007622695
Canada,2009,0,22.5,129.76,85,380.24,78.19636,-2.928400167
Canada,2010,0,21.88,130.08,86,366.21,77.64257,3.08949462
Canada,2011,0,21.84,131.3,88,391.95,78.52962,3.146881372
Canada,2012,0,22.17,124.2,89,398.58,79.71483,1.762222549
Canada,2013,0,22.44,122.87,98,417.28,80.73323,2.329122506
Canada,2014,0,22.49,122.75,101,412.13,80.702415,2.870036075
Canada,2015,0,22.69,125.7,96,417.2,80.327095,0.659176864
Canada,2016,0,22.05,122.35,96,426.84,81.02748,1.001394414
Canada,2017,0,22.47,113.7,96,435.43,82.36389,3.039880225
Canada,2018,0,21.99,112.47,95,428.39,82.31297,2.777040554
Canada,2019,0,22.11,110.65,95,421.8,82.378334,1.879592028
Canada,2020,0,0,102.19,93,429.24,83.625496,-5.233024303
"Cayman Islands",2000,0,0,0.4,0,0,0,0
"Cayman Islands",2001,0,0,0.42,0,0,0,0
"Cayman Islands",2002,0,0,0.45,0,0,0,0
"Cayman Islands",2003,0,0,0.46,0,0,0,0
"Cayman Islands",2004,0,0,0.49,0,0,0,0
"Cayman Islands",2005,0,0,0.39,0,0,0,0
"Cayman Islands",2006,0,0,0.49,0,0,0,0
"Cayman Islands",2007,0,0,0.55,0,0,0,3.162625227
"Cayman Islands",2008,0,0,0.58,0,0,0,-0.357401201
"Cayman Islands",2009,0,0.01,0.6,0,0,0,-7.200482447
"Cayman Islands",2010,0,0.01,0.59,0,0,0,-2.715635262
"Cayman Islands",2011,0,0.02,0.59,0,0,0,1.169062198
"Cayman Islands",2012,0,0.01,0.59,0,0,0,1.229753657
"Cayman Islands",2013,0,0.01,0.6,0,0,0,1.27933102
"Cayman Islands",2014,0,0.01,0.61,0,0,0,2.654527985
"Cayman Islands",2015,0,0.01,0.62,0,0,0,2.833122226
"Cayman Islands",2016,44.02,0.01,0.65,0,0,0,3.239976888
"Cayman Islands",2017,138.3,0.01,0.65,0,0.01,1.5151515,3.184043376
"Cayman Islands",2018,154.54,0.01,0.64,0,0.01,1.5384616,4.19434091
"Cayman Islands",2019,170.81,0,0.68,0,0.02,2.857143,3.817100404
"Cayman Islands",2020,193.81,0,0.67,0,0.02,2.8985507,-6.730287428
"Central African Republic",2000,5.18,88.9,0.02,0,0.08,80,-2.48943244
"Central African Republic",2001,5.06,88.92,0.02,0,0.08,80,4.464739026
"Central African Republic",2002,4.96,89.22,0.02,0,0.08,80,3.616542192
"Central African Republic",2003,4.86,90.25,0.02,0,0.08,80,-5.397485219
"Central African Republic",2004,4.76,90.64,0.03,0,0.12,80,5.994884228
"Central African Republic",2005,4.69,90.96,0.03,0,0.13,81.25,0.908210515
"Central African Republic",2006,4.6,90.8,0.03,0,0.14,82.35294,4.77108543
"Central African Republic",2007,4.51,90.88,0.02,0,0.14,87.5,4.607534855
"Central African Republic",2008,4.43,93.64,0.02,0,0.14,87.5,2.054130962
"Central African Republic",2009,4.37,93.91,0.02,0,0.14,87.5,8.587260426
"Central African Republic",2010,4.32,93.84,0.03,0,0.13,81.25,4.630818432
"Central African Republic",2011,4.31,93.33,0.03,0,0.15,83.333336,4.194615337
"Central African Republic",2012,4.32,93.07,0.03,0,0.15,83.333336,5.053761254
"Central African Republic",2013,4.3,95.08,0,0,0.14,100,-36.3919771
"Central African Republic",2014,4.29,94.82,0,0,0.17,100,0.081070515
"Central African Republic",2015,4.26,92.86,0,0,0.17,100,4.33712103
"Central African Republic",2016,4.22,92.11,0,0,0.17,100,4.750316841
"Central African Republic",2017,4.17,91.58,0,0,0.15,100,4.527278213
"Central African Republic",2018,4.1,91.42,0,0,0.15,100,3.789443593
"Central African Republic",2019,4.04,91.26,0,0,0.15,100,3
"Central African Republic",2020,3.97,0,0,0,0.15,100,0.829010003
Chad,2000,0.24,88.7,0.08,0,0.01,11.111111,-0.879681025
Chad,2001,0.23,88.6,0.09,0,0.01,10,11.65813465
Chad,2002,0.22,88.53,0.09,0,0.01,10,8.491209819
Chad,2003,0.21,83.91,0.1,0,0.01,9.090909,14.72166701
Chad,2004,0.2,84,0.11,0,0.01,8.333334,33.62937185
Chad,2005,0.2,83.82,0.11,0,0.01,8.333334,17.33253374
Chad,2006,0.19,83.74,0.12,0,0.01,7.692308,0.648262014
Chad,2007,0.19,82.8,0.12,0,0,0,3.271499579
Chad,2008,0.18,80.63,0.14,0,0,0,3.052691532
Chad,2009,0.17,79.78,0.17,0,0.01,5.5555553,4.217695552
Chad,2010,0.17,79.01,0.18,0,0.01,5.263158,13.55010086
Chad,2011,0.16,82.37,0.18,0,0.01,5.263158,0.082869798
Chad,2012,0.16,79.73,0.23,0,0,0,8.882576072
Chad,2013,0.16,76.45,0.26,0,0,0,5.700001363
Chad,2014,0.15,76.86,0.27,0,0,0,6.899985045
Chad,2015,0.15,77.35,0.28,0,0,0,2.767675685
Chad,2016,0.22,77.77,0.28,0,0.01,3.448276,-6.255527085
Chad,2017,0.22,78.27,0.29,0,0.01,3.3333333,-2.988695986
Chad,2018,0.21,77.7,0.29,0,0.01,3.3333333,2.3740378
Chad,2019,0.21,77.79,0.3,0,0.01,3.2258065,3.247181917
Chad,2020,0.2,0,0.28,0,0.01,3.448276,-0.947304885
Chile,2000,290.18,31.36,20.42,0,18.48,47.506424,5.326938419
Chile,2001,286.86,32.15,19.59,0,21.03,51.772526,3.303047313
Chile,2002,285.57,33.07,19.87,0,22.5,53.10361,3.106970532
Chile,2003,283.29,31.62,23.3,0,21.84,48.38281,4.091047685
Chile,2004,327.57,31.44,27.79,0,20.87,42.88944,7.209539709
Chile,2005,325.16,32.26,25.2,0,25.42,50.217308,5.742830489
Chile,2006,322.11,32.91,25.54,0,28.03,52.324062,6.317176343
Chile,2007,327.89,30.46,33.69,0,22.29,39.81779,4.905324504
Chile,2008,331.26,30.83,32.59,0,23.78,42.185562,3.529530553
Chile,2009,361.58,31.53,32.12,0,24.57,43.340977,-1.564239443
Chile,2010,360.95,27.04,36.71,0,21.55,36.98936,5.844177296
Chile,2011,388.65,28.79,41,0,21.04,33.913605,6.110918829
Chile,2012,405.49,30.31,45.17,0,20.59,31.310825,5.318628
Chile,2013,436.94,30.23,48,0,20.17,29.587795,4.045004298
Chile,2014,468.99,26.95,44.51,0,25.44,36.368835,1.766739784
Chile,2015,470.34,25.07,44.37,0,27.38,38.16028,2.303767036
Chile,2016,510.67,24.55,49.09,0,24.27,33.083424,1.711089289
Chile,2017,557.03,24.11,44.9,0,29.32,39.504177,1.184544707
Chile,2018,584.92,25.46,43.85,0,32.89,42.859005,3.713859177
Chile,2019,606.69,25.26,45.16,0,32.23,41.64621,0.942005307
Chile,2020,669.29,0,43.69,0,34.06,43.807076,-5.771501669
China,2000,58.78,29.63,1113.3,17,225.56,17.874004,8.490093406
China,2001,61.01,28.36,1182.59,17,280.73,20.1379,8.335733478
China,2002,63.68,27,1337.46,25,291.41,19.137848,9.13363079
China,2003,70.24,23.86,1579.96,43,287.28,17.304693,10.03803048
China,2004,77.85,20.17,1795.41,50,357.43,18.513056,10.11362138
China,2005,86.43,17.44,2042.8,53,404.37,18.296497,11.39459181
China,2006,96.27,16.39,2364.16,55,446.72,17.50206,12.72095567
China,2007,109,14.88,2718.7,62,500.71,17.151705,14.23086093
China,2008,128.8,14.14,2762.29,68,665.08,20.981703,9.65067892
China,2009,150.78,13.43,2980.2,70,664.39,19.7715,9.398725632
China,2010,170.41,12.26,3326.19,75,786.38,20.564993,10.63587106
China,2011,194.62,11.34,3811.77,87,792.38,18.748974,9.550832179
China,2012,218.25,11.53,3869.38,98,999.56,22.102327,7.863736449
China,2013,258.3,11.45,4203.77,112,1093.37,22.276764,7.766150098
China,2014,296.29,11.94,4345.86,133,1289.23,24.659735,7.425763656
China,2015,340.55,12.18,4222.76,171,1393.66,27.040327,7.041328879
China,2016,382.59,12.56,4355,213,1522.79,28.500713,6.848762205
China,2017,436.9,13.13,4643.1,248,1667.06,29.20226,6.947200793
China,2018,487.16,13.71,4990.28,295,1835.32,29.917704,6.749773832
China,2019,529.28,14.45,5098.22,349,2014.57,31.672895,5.949714233
China,2020,621.74,0,5184.13,366,2184.94,32.980618,2.347513573
Colombia,2000,210.84,28.03,10.21,0,31.98,75.79996,2.924861483
Colombia,2001,217.68,27.24,10.78,0,31.69,74.61738,1.677898308
Colombia,2002,223.19,28.8,10.25,0,33.83,76.746826,2.503980466
Colombia,2003,215.58,30.7,9.6,0,36,78.94737,3.918271904
Colombia,2004,214.54,29.18,8.87,0,39.91,81.81632,5.333022067
Colombia,2005,211.95,29.08,9.71,0,39.64,80.32422,4.828761108
Colombia,2006,209.72,29.69,10.13,0,42.6,80.788925,6.716868698
Colombia,2007,208.15,30.42,9.93,0,44.27,81.67896,6.738194691
Colombia,2008,205.86,29.97,8.77,0,46.19,84.04294,3.283446186
Colombia,2009,204.03,30.91,14.77,0,41.08,73.55417,1.139648645
Colombia,2010,208.97,29.75,15.96,0,40.66,71.81208,4.494658971
Colombia,2011,217.2,28.91,10.11,0,48.81,82.84114,6.947891982
Colombia,2012,216.6,28.9,12.96,0,47.58,78.59267,3.912635767
Colombia,2013,216.82,32.29,21.71,0,50.48,69.92658,5.13399352
Colombia,2014,237.49,32.38,20.99,0,48.06,69.60174,4.499030001
Colombia,2015,247.42,31.6,27.22,0,49,64.28759,2.955901375
Colombia,2016,246.63,30.74,25.02,0,49.54,66.44314,2.087382502
Colombia,2017,246.81,32.53,16.07,0,61.39,79.25381,1.359360868
Colombia,2018,247.06,30.72,19.11,0,60.08,75.868164,2.564324283
Colombia,2019,245.49,30.72,23.84,0,54.31,69.49456,3.281116805
Colombia,2020,266.33,0,27.17,0,49.97,64.77833,-6.795758107
Comoros,2000,0,69.87,0.02,0,0,0,10.84787862
Comoros,2001,0,69.51,0.03,0,0,0,2.332907102
Comoros,2002,1.07,70.31,0.03,0,0,0,2.324944861
Comoros,2003,1.05,64.39,0.03,0,0,0,2.103871636
Comoros,2004,2.42,63.52,0.04,0,0,0,1.919659807
Comoros,2005,2.37,65.74,0.04,0,0,0,2.83754787
Comoros,2006,2.31,61.81,0.04,0,0,0,2.646955476
Comoros,2007,2.26,74.36,0.04,0,0,0,0.800042349
Comoros,2008,2.2,73.44,0.04,0,0,0,3.999971991
Comoros,2009,2.15,68.53,0.04,0,0,0,3.200113112
Comoros,2010,2.1,66.39,0.04,0,0,0,3.799933455
Comoros,2011,2.05,69.35,0.05,0,0,0,4.099846955
Comoros,2012,2,67.85,0.05,0,0,0,3.200272903
Comoros,2013,1.95,62.51,0.05,0,0,0,4.499874215
Comoros,2014,1.91,66.02,0.05,0,0,0,2.100006438
Comoros,2015,1.86,64.17,0.05,0,0,0,1.116140583
Comoros,2016,1.82,60.5,0.05,0,0,0,3.320680025
Comoros,2017,1.78,56.42,0.09,0,0,0,3.815702113
Comoros,2018,1.74,55.01,0.09,0,0,0,3.642525019
Comoros,2019,1.7,53.43,0.1,0,0,0,1.75532828
Comoros,2020,1.66,0,0.13,0,0,0,-0.128835488
Congo,2000,27.56,64.86,0,0,0.29,100,0
Congo,2001,26.79,61.18,0,0,0.33,99.99999,0
Congo,2002,26.04,68.53,0,0,0.39,100,0
Congo,2003,25.3,61.99,0.04,0,0.36,90,0
Congo,2004,24.56,63.03,0.04,0,0.35,89.74359,0
Congo,2005,23.79,63.11,0.05,0,0.37,88.09524,0
Congo,2006,23.02,69.42,0.05,0,0.39,88.63637,0
Congo,2007,22.24,60.34,0.06,0,0.34,85,0
Congo,2008,21.49,56.86,0.09,0,0.39,81.25,0
Congo,2009,20.79,56.03,0.16,0,0.36,69.230774,0
Congo,2010,20.17,54.8,0.32,0,0.44,57.894737,0
Congo,2011,19.63,64.62,0.45,0,0.79,63.70968,0
Congo,2012,45.74,65.3,0.64,0,1,60.97561,0
Congo,2013,44.65,62.47,0.67,0,0.98,59.39394,0
Congo,2014,43.63,62.23,0.72,0,0.96,57.14286,0
Congo,2015,42.56,64.15,1.53,0,1.14,42.69663,0
Congo,2016,42.79,67.61,1.66,0,1.17,41.342754,0
Congo,2017,44.35,69.73,1.61,0,1.24,43.508774,0
Congo,2018,43.25,69.34,1.82,0,1.15,38.72054,0
Congo,2019,42.16,68.67,2.72,0,0.94,25.68306,0
Congo,2020,41.1,0,2.87,0,0.96,25.065275,0
"Costa Rica",2000,359.7,32.95,0.07,0,6.78,98.9781,3.868718088
"Costa Rica",2001,358.3,32.11,0.11,0,6.78,98.40349,3.491169872
"Costa Rica",2002,363.6,32.54,0.16,0,7.26,97.843666,3.41687639
"Costa Rica",2003,371.05,33.3,0.19,0,7.1,97.39369,4.317179866
"Costa Rica",2004,371.03,39.16,0.07,0,7.9,99.12171,4.424599597
"Costa Rica",2005,365.92,41.73,0.28,0,7.87,96.56442,3.976666368
"Costa Rica",2006,385.85,42.4,0.53,0,8.05,93.822845,7.326695432
"Costa Rica",2007,424.39,41.19,0.69,0,8.24,92.27323,8.215131983
"Costa Rica",2008,422.92,40.7,0.68,0,8.68,92.73505,4.738174878
"Costa Rica",2009,437.93,40.72,0.52,0,8.7,94.360085,-0.873455943
"Costa Rica",2010,429.94,40.39,0.71,0,8.76,92.50264,5.360343526
"Costa Rica",2011,440.67,38.02,0.91,0,8.79,90.61856,4.40315924
"Costa Rica",2012,459.33,38.06,0.9,0,9.15,91.04477,4.882592369
"Costa Rica",2013,458.39,37.8,1.23,0,8.88,87.83383,2.494766108
"Costa Rica",2014,468.18,37.62,1.1,0,9.01,89.11969,3.542109878
"Costa Rica",2015,486.68,38.33,0.26,0,10.5,97.58364,3.652080968
"Costa Rica",2016,590.73,36.81,0.35,0,10.5,96.77419,4.204323252
"Costa Rica",2017,608.09,36.2,0.21,0,11.06,98.13664,4.157698963
"Costa Rica",2018,615.07,35.7,0.31,0,11.13,97.290215,2.615904404
"Costa Rica",2019,622.84,35.76,0.25,0,11.18,97.81277,2.256315079
"Costa Rica",2020,613.34,0,0.19,0,11.55,98.38161,-4.063676535
Croatia,2000,0,26.76,4.81,0,6.45,57.282413,2.895500506
Croatia,2001,0,26.92,5.59,0,7.18,56.225525,3.032498265
Croatia,2002,0,24.61,6.86,0,5.85,46.02675,5.722074201
Croatia,2003,0,24.82,7.73,0,5.46,41.394997,5.525946728
Croatia,2004,0,26.56,6.26,0,7.63,54.931602,4.149336808
Croatia,2005,0,26.82,6,0,7.06,54.05819,4.312401186
Croatia,2006,0,25.51,6.27,0,6.65,51.47059,4.938356531
Croatia,2007,0,22.66,7.8,0,4.74,37.79904,4.912811472
Croatia,2008,0,24.14,6.94,0,5.84,45.6964,1.895443552
Croatia,2009,0,27.16,5.87,0,7.48,56.02996,-7.281699547
Croatia,2010,0,29.75,5.49,0,9.3,62.880325,-1.250700462
Croatia,2011,0,27.16,5.95,0,5.28,47.016922,-0.085243549
Croatia,2012,0,29.4,5.33,0,5.26,49.6695,-2.275706646
Croatia,2013,0,32.82,4.67,0,9.28,66.5233,-0.363117372
Croatia,2014,0,33.6,3.5,0,9.94,73.95833,-0.345947048
Croatia,2015,0,33.09,3.73,0,7.52,66.844444,2.52568842
Croatia,2016,0,31.83,4.26,0,8.36,66.24405,3.532432232
Croatia,2017,0,29.79,4.67,0,7.12,60.39016,3.41409226
Croatia,2018,0,32.83,3.77,0,9.78,72.177124,2.900009599
Croatia,2019,0,31.6,4.31,0,8.35,65.95577,3.481945603
Croatia,2020,0,0,4.69,0,8.55,64.57704,-8.099761252
Cuba,2000,5.2,34.43,14.1,0,0.09,0.6342495,5.914760174
Cuba,2001,5.18,34.05,14.37,0,0.07,0.48476455,3.185029904
Cuba,2002,5.16,34.8,14.71,0,0.1,0.6752194,1.424821261
Cuba,2003,5.15,33.56,14.79,0,0.13,0.8713137,3.792740223
Cuba,2004,5.24,33.77,14.66,0,0.09,0.6101695,5.77053807
Cuba,2005,64.6,26.31,11.88,0,2.57,17.785467,11.20165642
Cuba,2006,43.99,21.96,13.96,0,1.54,9.935484,12.06586311
Cuba,2007,52.35,18.59,14.67,0,1.93,11.626506,7.262136966
Cuba,2008,54.58,18.73,14.7,0,1.97,11.8176365,4.116828042
Cuba,2009,54.48,18.97,14.82,0,1.89,11.310593,1.451305431
Cuba,2010,55.07,15.61,14.66,0,1.73,10.555217,2.390352297
Cuba,2011,55.23,19.2,14.99,0,1.74,10.400478,2.802300836
Cuba,2012,52.75,19.38,15.55,0,1.82,10.477835,3.014900289
Cuba,2013,49.2,18.24,16.4,0,1.77,9.741332,2.747602563
Cuba,2014,52.67,23.16,16.52,0,1.8,9.825328,1.047576632
Cuba,2015,55.52,21.15,17.37,0,1.85,9.625391,4.438141959
Cuba,2016,53.82,19.2,17.64,0,1.74,8.978329,0.513761468
Cuba,2017,59.57,22,17.57,0,1.82,9.386282,1.809054399
Cuba,2018,66.87,24.11,17.64,0,2,10.1833,2.248480393
Cuba,2019,95.74,21.54,16.54,0,2.99,15.309779,-0.164839982
Cuba,2020,105.79,0,15.47,0,3.13,16.827957,-10.94834097
Cyprus,2000,0,3.08,3.37,0,0,0,5.965310315
Cyprus,2001,0,3.03,3.55,0,0,0,3.952560541
Cyprus,2002,0,3.16,3.79,0,0,0,3.722956499
Cyprus,2003,0,3.24,4.05,0,0,0,2.623286123
Cyprus,2004,0,3.29,4.2,0,0,0,5.026343926
Cyprus,2005,0,3.34,4.38,0,0,0,4.853003838
Cyprus,2006,0,3.5,4.65,0,0,0,4.713828666
Cyprus,2007,0,4.33,4.87,0,0,0,5.098068453
Cyprus,2008,0,5.47,5.06,0,0.01,0.19723865,3.646811991
Cyprus,2009,0,6.31,5.18,0,0.03,0.57581574,-2.015262359
Cyprus,2010,0,6.55,5.25,0,0.08,1.500938,2.014695707
Cyprus,2011,0,7.66,4.75,0,0.17,3.4552846,0.401437941
Cyprus,2012,0,8.69,4.46,0,0.26,5.508475,-3.446822086
Cyprus,2013,0,9.83,3.96,0,0.33,7.692308,-6.553078255
Cyprus,2014,0,9.59,4.03,0,0.31,7.142857,-1.829309109
Cyprus,2015,0,10.51,4.14,0,0.4,8.810573,3.383079712
Cyprus,2016,0,10.36,4.46,0,0.43,8.793456,6.454554466
Cyprus,2017,0,11.03,4.57,0,0.43,8.6,5.852540355
Cyprus,2018,0,12.11,4.58,0,0.48,9.486166,5.692841724
Cyprus,2019,0,12.05,4.63,0,0.52,10.097087,5.283187396
Cyprus,2020,0,0,4.25,0,0.6,12.371135,-5.2289881
Czechia,2000,0,5.94,57.03,14,2.28,21.769547,0
Czechia,2001,0,6.29,56.9,15,2.57,23.336027,0
Czechia,2002,0,7.28,54.27,19,2.99,28.592106,0
Czechia,2003,0,6.72,55.05,26,1.87,33.506462,0
Czechia,2004,0,7.13,54.72,26,2.74,34.69388,0
Czechia,2005,0,7.53,54.07,25,3.13,34.00464,0
Czechia,2006,0,7.88,54.09,26,3.52,35.345444,0
Czechia,2007,0,8.32,58.18,26,3.42,33.713116,0
Czechia,2008,0,8.99,53.01,27,3.72,36.347263,0
Czechia,2009,0,10.25,49.77,27,4.66,39.037235,0
Czechia,2010,0,10.95,51.33,28,5.91,39.78179,0
Czechia,2011,0,12.16,51.15,28,7.24,40.98304,0
Czechia,2012,0,12.8,48.22,30,8.07,44.325134,0
Czechia,2013,0,13.95,45.89,31,9.3,46.60228,0
Czechia,2014,0,14.85,45.51,30,9.17,46.465122,0
Czechia,2015,0,14.84,46.27,27,9.41,43.928745,0
Czechia,2016,0,14.77,48.52,24,9.39,40.836487,0
Czechia,2017,0,14.46,47.81,28,9.63,44.264397,0
Czechia,2018,0,14.72,47.51,30,9.43,45.302784,0
Czechia,2019,0,15.85,45.44,30,10.08,47.021107,0
Czechia,2020,0,0,39.72,30,10.39,50.442917,0
Denmark,2000,0,10.73,30.43,0,5.57,15.472222,3.746862595
Denmark,2001,0,11.12,31.87,0,5.85,15.509013,0.823152998
Denmark,2002,0,11.86,32.49,0,6.79,17.286152,0.466345571
Denmark,2003,0,12.72,38.09,0,8.07,17.48267,0.390058556
Denmark,2004,0,14.44,30.9,0,9.52,23.5527,2.668219267
Denmark,2005,0,16.12,26.43,0,9.8,27.049406,2.336641308
Denmark,2006,0,15.26,36.41,0,9.2,20.171015,3.913007978
Denmark,2007,0,17.69,29.01,0,10.3,26.201982,0.909238928
Denmark,2008,0,18.54,26.52,0,10.1,27.580559,-0.512016745
Denmark,2009,0,19.33,26.32,0,10.06,27.652557,-4.90654773
Denmark,2010,0,21.2,26.44,0,12.43,31.97839,1.870991147
Denmark,2011,0,23.83,21.05,0,14.17,40.232822,1.336777767
Denmark,2012,0,26.93,15.86,0,14.84,48.33876,0.226499792
Denmark,2013,0,27.05,18.78,0,15.96,45.941277,0.933340972
Denmark,2014,0,30.18,14.2,0,17.99,55.886925,1.619393811
Denmark,2015,0,32.89,10,0,18.93,65.43381,2.342591108
Denmark,2016,0,32.17,12.16,0,18.39,60.1964,3.245956985
Denmark,2017,0,35.2,9.23,0,21.8,70.25459,2.821736341
Denmark,2018,0,34.67,9.61,0,20.75,68.346504,1.989537315
Denmark,2019,0,37.52,6.44,0,23.07,78.17689,2.114664208
Denmark,2020,0,0,5.28,0,23.45,81.622,-2.062124959
Djibouti,2000,0,31.44,0.18,0,0,0,0
Djibouti,2001,0,31.68,0.18,0,0,0,0
Djibouti,2002,0,32.44,0.19,0,0,0,0
Djibouti,2003,0,32.88,0.19,0,0,0,0
Djibouti,2004,0,33.62,0.2,0,0,0,0
Djibouti,2005,0,33.09,0.24,0,0,0,0
Djibouti,2006,0,33.01,0.26,0,0,0,0
Djibouti,2007,0,32.52,0.3,0,0,0,0
Djibouti,2008,0,33.14,0.32,0,0,0,0
Djibouti,2009,0,34,0.33,0,0,0,0
Djibouti,2010,0,32.54,0.36,0,0,0,0
Djibouti,2011,0,33.93,0.36,0,0,0,0
Djibouti,2012,0.35,32.48,0.37,0,0,0,0
Djibouti,2013,0.34,34.04,0.41,0,0,0,0
Djibouti,2014,0.33,30.82,0.09,0,0,0,7.061543242
Djibouti,2015,0.33,28.18,0.17,0,0,0,7.696085576
Djibouti,2016,0.39,24.91,0.08,0,0,0,6.652650372
Djibouti,2017,0.38,24.13,0.06,0,0,0,5.403099843
Djibouti,2018,0.38,27.84,0.05,0,0,0,8.407662666
Djibouti,2019,0.37,27.92,0.06,0,0,0,7.770497257
Djibouti,2020,0.37,0,0.05,0,0,0,0.5
Dominica,2000,110.27,11.06,0.04,0,0.03,42.857143,2.340219321
Dominica,2001,110.23,9.41,0.05,0,0.03,37.5,-0.06384473
Dominica,2002,110.11,13.6,0.04,0,0.03,42.857143,-2.827998893
Dominica,2003,109.7,10.56,0.05,0,0.03,37.5,6.353137122
Dominica,2004,109.39,11.56,0.04,0,0.03,42.857143,3.050690295
Dominica,2005,109.1,10.8,0.05,0,0.03,37.5,0.655862269
Dominica,2006,109.17,9.88,0.05,0,0.03,37.5,4.659455486
Dominica,2007,109.89,8.68,0.06,0,0.02,25,6.352972439
Dominica,2008,70.17,8.45,0.06,0,0.02,25,7.121057986
Dominica,2009,70.29,9.23,0.06,0,0.02,25,-1.169590643
Dominica,2010,99.04,10.28,0.07,0,0.02,22.222221,0.6726344
Dominica,2011,99,13.8,0.06,0,0.04,40,-0.223550688
Dominica,2012,99.08,11.33,0.07,0,0.03,30,-1.059000243
Dominica,2013,98.99,11.57,0.06,0,0.04,40,-0.999940631
Dominica,2014,98.89,9.97,0.07,0,0.03,30,4.447947365
Dominica,2015,98.77,8.8,0.08,0,0.02,20,-2.691108924
Dominica,2016,104.2,10.88,0.07,0,0.04,36.363636,2.556494913
Dominica,2017,103.97,9.84,0.05,0,0.03,37.5,-6.79942797
Dominica,2018,99.33,8.3,0.04,0,0.02,33.333336,2.214305241
Dominica,2019,99.08,8.05,0.07,0,0.02,22.222221,7.571391597
Dominica,2020,98.83,0,0.12,0,0.04,25,-16.60491154
"Dominican Republic",2000,53.73,19.11,7.34,0,0.75,9.270704,4.66176228
"Dominican Republic",2001,54.11,18.89,9.07,0,0.7,7.1647897,2.459516368
"Dominican Republic",2002,53.33,17.94,10.98,0,0.87,7.341772,4.495103403
"Dominican Republic",2003,52.62,18.94,11.38,0,1.19,9.466986,-1.345706185
"Dominican Republic",2004,51.89,20.67,9.58,0,1.6,14.31127,2.570134279
"Dominican Republic",2005,51.21,19.44,10.14,0,1.91,15.850622,9.428236947
"Dominican Republic",2006,50.64,17.98,11.36,0,1.75,13.348589,9.174355406
"Dominican Republic",2007,50,17.89,11.98,0,1.7,12.4269,7.415951715
"Dominican Republic",2008,49.72,17.68,10.34,0,1.38,11.774744,3.209504262
"Dominican Republic",2009,54.86,17.34,10.13,0,1.46,12.597066,0.946155168
"Dominican Republic",2010,55.59,16.91,12.5,0,1.48,10.586553,8.33965106
"Dominican Republic",2011,58.34,16.75,13.33,0,1.59,10.6568365,3.133423003
"Dominican Republic",2012,72.12,16.48,13.86,0,1.93,12.222926,2.717367897
"Dominican Republic",2013,72.06,16.55,14.54,0,2.19,13.090258,4.875205093
"Dominican Republic",2014,72.21,17.28,14.63,0,1.64,10.079902,7.05046369
"Dominican Republic",2015,72.48,14.88,15.59,0,1.32,7.806032,6.927018772
"Dominican Republic",2016,83.72,15.31,16.53,0,2.14,11.462239,6.659200263
"Dominican Republic",2017,85.9,16.87,16.07,0,2.94,15.465545,4.666704677
"Dominican Republic",2018,98.92,15.95,16.89,0,2.74,13.958228,6.982527585
"Dominican Republic",2019,114.65,13.98,16.91,0,2.36,12.247015,5.05216802
"Dominican Republic",2020,120.72,0,13.74,0,2.9,17.427885,-6.720239373
Ecuador,2000,135.21,19.43,2.82,0,7.53,72.753624,1.091801564
Ecuador,2001,134.56,17.05,3.74,0,7,65.17691,4.0156299
Ecuador,2002,132.83,17.1,4.1,0,7.45,64.50217,4.096776659
Ecuador,2003,130.59,16.55,4.11,0,7.11,63.368984,2.722877337
Ecuador,2004,130.98,16.73,5.59,0,7.5,57.295647,8.211020917
Ecuador,2005,132.24,16.16,5.09,0,7.07,58.14145,5.291308267
Ecuador,2006,133.33,14.19,6.17,0,7.35,54.363903,4.403526434
Ecuador,2007,149.22,15.88,7.33,0,9.26,55.816757,2.190063972
Ecuador,2008,148.98,15.32,6.68,0,11.58,63.417305,6.3571306
Ecuador,2009,146.77,12.87,8.36,0,9.57,53.374233,0.566491592
Ecuador,2010,156.29,11.79,9.77,0,9,47.948853,3.525298669
Ecuador,2011,153.38,13.15,8.47,0,11.41,57.394367,7.868140919
Ecuador,2012,153.01,13.2,9.57,0,12.54,56.716415,5.641962067
